№,Герб,Город,Регион,Федеральный округ,Население,Основание или первое упоминание,Статус города [5],Прежние названия
1,,Абаза,Хакасия,Сибирский,17111,1867,1966,"Абаканский Завод ,  Абаканско-Заводское"
2,,Абакан,Хакасия,Сибирский,165183,1734,1931,Усть-Абаканское  (до 1931)
3,,Абдулино,Оренбургская область,Приволжский,20663,1795,1923,
4,,Абинск,Краснодарский край,Южный,34926,1863,1963,Абинское  (до 1863); Абинская  (до 1962)
5,,Агидель,Башкортостан,Приволжский,16365,1980,1991,
6,,Агрыз,Татарстан,Приволжский,19299,1646,1938,
7,,Адыгейск,Адыгея,Южный,12689,1969,1976,Адыгейский  (до 1976); Теучежск  (до 1990)
8,,Азнакаево,Татарстан,Приволжский,34859,1762,1987,
9,,Азов,Ростовская область,Южный,82882,1067,1708,"Азак ,  Тана"
10,,Ак-Довурак,Тыва,Сибирский,13469,1964,1964,
11,,Аксай,Ростовская область,Южный,41984,1570,1957,Аксайская
12,,Алагир,Северная Осетия — Алания,Северо-Кавказский,20949,1850,1938,
13,,Алапаевск,Свердловская область,Уральский,38198,1639,1781,
14,,Алатырь,Чувашия,Приволжский,38202,1552,1552,
15,,Алдан,Якутия,Дальневосточный,21277,1924,1932,Незаметный  (до 1939)
16,,Алейск,Алтайский край,Сибирский,28528,1913,1939,
17,,Александров,Владимирская область,Центральный,61544,XIV век,1778,Александрова слобода
18,,Александровск,Пермский край,Приволжский,15022,1783,1951,
19,,Александровск-Сахалинский,Сахалинская область,Дальневосточный,10613,1869,1917,Александровский пост  (до 1926)
20,,Алексеевка,Белгородская область,Центральный,39026,1685,1954,
21,,Алексин,Тульская область,Центральный,61738,1348,1777,
22,,Алзамай,Иркутская область,Сибирский,6751,1899,1955,
23,,Алупка Оспаривается,Крым,Южный,7771,960,1938,"Алубика ,  Лупико"
24,,Алушта Оспаривается,Крым,Южный,29078,VI век,1902,"Луста ,  Алустон"
25,,Альметьевск,Татарстан,Приволжский,146309,XVIII век,1953,Альметьево  (до 1952)
26,,Амурск,Хабаровский край,Дальневосточный,42977,1958,1973,Падали-Восточное
27,,Анадырь,Чукотский АО,Дальневосточный,13053,1889,1965,Новомариинск  (до 1923)
28,,Анапа,Краснодарский край,Южный,58983,1781,1846,
29,,Ангарск,Иркутская область,Сибирский,233765,1948,1951,Майск
30,,Андреаполь,Тверская область,Центральный,8265,1907,1967,Андреяполь
31,,Анжеро-Судженск,Кемеровская область,Сибирский,76669,1896,1931,
32,,Анива,Сахалинская область,Дальневосточный,8449,1886,1946,Лютога  (до 1905); Рутака  (до 1946)
33,,Апатиты,Мурманская область,Северо-Западный,59690,1926,1966,Белый  (до 1926)
34,,Апрелевка,Московская область,Центральный,18467,1899,1961,
35,,Апшеронск,Краснодарский край,Южный,40229,1863,1947,
36,,Арамиль,Свердловская область,Уральский,14227,1675,1966,
37,,Аргун,Чечня,Северо-Кавказский,29528,XVIII век,1967,Устар-Гардой  (до 1944); Колхозное  (до 1962)
38,,Ардатов,Мордовия,Приволжский,9400,1671,1780,"Новотроицкое ,  Ардатово"
39,,Ардон,Северная Осетия — Алания,Северо-Кавказский,18774,1824,1964,
40,,Арзамас,Нижегородская область,Приволжский,106367,1552,1578,
41,,Аркадак,Саратовская область,Приволжский,12846,1721,1963,
42,,Армавир,Краснодарский край,Южный,188897,1839,1914,Армянский аул  (до 1848); Армавирский аул  (1876)
43,,Армянск Оспаривается,Крым,Южный,21987,1736,1993,Армянский Базар  (до 1921)
44,,Арсеньев,Приморский край,Дальневосточный,56742,1902,1952,Семёновка  (до 1952)
45,,Арск,Татарстан,Приволжский,18114,XIII век,2008,
46,,Артём,Приморский край,Дальневосточный,102636,1924,1938,Зыбунный
47,,Артёмовск,Красноярский край,Сибирский,2180,1700,1939,Ольховский  (до 1939)
48,,Артёмовский,Свердловская область,Уральский,32878,1665,1938,Егоршинские копи
49,,Архангельск,Архангельская область,Северо-Западный,348716,1584,1613,Новохолмогоры  (до 1613)
50,,Асбест,Свердловская область,Уральский,70067,1889,1933,Куделька  (до 1928)
51,,Асино,Томская область,Сибирский,25614,1896,1952,Ксеньевка  (до 1933)
52,,Астрахань,Астраханская область,Южный,520662,1558,1717,"Хаджи-Тархан ,  Аштархан"
53,,Аткарск,Саратовская область,Приволжский,25620,XVIII век,1780,
54,,Ахтубинск,Астраханская область,Южный,41898,1768,1959,Владимировка  (до 1959)
55,,Ачинск,Красноярский край,Сибирский,109156,1683,1782,
56,,Аша,Челябинская область,Уральский,31916,1898,1933,
57,,Бабаево,Вологодская область,Северо-Западный,12074,XV век,1925,
58,,Бабушкин,Бурятия,Сибирский,4542,1760,1902,Мысовский  (до 1892); Мысовая  (до 1902); Мысовск  (до 1941)
59,,Бавлы,Татарстан,Приволжский,22109,1658,1997,"Мансурово ,  Бавлы-Мансурово"
60,,Багратионовск,Калининградская область,Северо-Западный,6399,1336,1946,Прейсиш-Эйлау  (до 1946)
61,,Байкальск,Иркутская область,Сибирский,13589,1961,1966,
62,,Баймак,Башкортостан,Приволжский,17710,1850,1938,"Таналыково ,  Баймак-Таналыково"
63,,Бакал,Челябинская область,Уральский,20953,1757,1951,
64,,Баксан,Кабардино-Балкария,Северо-Кавказский,36857,1891,1967,Кучмазукино  (до 1920); Старая Крепость  (до 1960)
65,,Балабаново,Калужская область,Центральный,26337,1584,1972,
66,,Балаково,Саратовская область,Приволжский,199576,1762,1911,
67,,Балахна,Нижегородская область,Приволжский,51526,1474,1536,
68,,Балашиха,Московская область,Центральный,215353,1830,1939,
69,,Балашов,Саратовская область,Приволжский,82222,XVII век,1780,
70,,Балей,Забайкальский край,Сибирский,12536,1736,1932,Новотроицкий промысел  (до 1932)
71,,Балтийск,Калининградская область,Северо-Западный,32670,1626,1725,Пиллау  (до 1946)
72,,Барабинск,Новосибирская область,Сибирский,30250,1893,1917,
73,,Барнаул,Алтайский край,Сибирский,635585,1730,1771,
74,,Барыш,Ульяновская область,Приволжский,17149,XVII век,1954,
75,,Батайск,Ростовская область,Южный,112400,1769,1938,"Батайское ,  Батайская"
76,,Бахчисарай Оспаривается,Крым,Южный,27448,1532,1532,
77,,Бежецк,Тверская область,Центральный,24517,1137,1775,Городецк  (до 1766)
78,,Белая Калитва,Ростовская область,Южный,43688,1703,1958,Усть-Белокалитвенская
79,,Белая Холуница,Кировская область,Приволжский,11232,1764,1965,Белохолуницкий  (до 1965)
80,,Белгород,Белгородская область,Центральный,356426,1596,1596,
81,,Белебей,Башкортостан,Приволжский,60183,1757,1781,
82,,Белёв,Тульская область,Центральный,13918,1147,1147,
83,,Белинский,Пензенская область,Приволжский,8567,1708,1780,Чембар  (до 1948)
84,,Белово,Кемеровская область,Сибирский,76752,1726,1938,
85,,Белогорск,Амурская область,Дальневосточный,68220,1860,1926,Александровское  (до 1926); Александровск  (до 1931); Краснопартизанск  (до 1936); Куйбышевка-Восточная  (до 1957)
86,,Белогорск Оспаривается,Крым,Южный,16354,XIII век,XIII век,Карасубазар  (до 1944)
87,,Белозерск,Вологодская область,Северо-Западный,9614,862,862,Белоозеро
88,,Белокуриха,Алтайский край,Сибирский,15072,1846,1982,
89,,Беломорск,Карелия,Северо-Западный,11217,XII век,1938,Сорока  (до 1938)
90,,Белоозёрский,Московская область,Центральный,17842,1961,2019,
91,,Белорецк,Башкортостан,Приволжский,68804,1762,1923,Белорецкий завод  (до 1923)
92,,Белореченск,Краснодарский край,Южный,53891,1862,1958,Белореченская  (до 1958)
93,,Белоусово,Калужская область,Центральный,8432,1962,2004,
94,,Белоярский,Ханты-Мансийский АО — Югра,Уральский,20283,1969,1988,
95,,Белый,Тверская область,Центральный,3771,1350,1350,
96,,Бердск,Новосибирская область,Сибирский,98809,1716,1944,Бердский острог  (до 1783); Колывань  (до 1797); Бердское  (до 1929)
97,,Березники,Пермский край,Приволжский,156350,1623,1932,
98,,Берёзовский,Кемеровская область,Сибирский,47292,1965,1965,
99,,Берёзовский,Свердловская область,Уральский,51583,1748,1938,
100,,Беслан,Северная Осетия — Алания,Северо-Кавказский,36724,1847,1950,Тулатово  (до 1941); Иристон  (до 1950)
101,,Бийск,Алтайский край,Сибирский,203826,1709,1782,
102,,Бикин,Хабаровский край,Дальневосточный,17156,1895,1938,
103,,Билибино,Чукотский АО,Дальневосточный,5504,1955,1993,Каральваам  (до 1956)
104,,Биробиджан,Еврейская АО,Дальневосточный,75419,1915,1931,Тихонькая  (до 1931)
105,,Бирск,Башкортостан,Приволжский,41637,1663,1781,Архангельское
106,,Бирюсинск,Иркутская область,Сибирский,8981,1897,1967,Суетиха  (до 1967)
107,,Бирюч,Белгородская область,Центральный,7842,1705,1779,Будённый  (с 1919 до 1958); Красногвардейское  (с 1958 до 2007)
108,,Благовещенск,Башкортостан,Приволжский,34246,1756,1941,Благовещенский завод  (до 1941)
109,,Благовещенск,Амурская область,Дальневосточный,214397,1856,1858,Усть-Зейская  (до 1858); Благовещенская  (до 1858)
110,,Благодарный,Ставропольский край,Северо-Кавказский,32736,1782,1971,Солдатское
111,,Бобров,Воронежская область,Центральный,19738,1698,1711,
112,,Богданович,Свердловская область,Уральский,31752,1885,1947,
113,,Богородицк,Тульская область,Центральный,31897,1663,1777,
114,,Богородск,Нижегородская область,Приволжский,25497,1561,1923,Богородское  (до 1923)
115,,Боготол,Красноярский край,Сибирский,21029,1893,1911,
116,,Богучар,Воронежская область,Центральный,11811,1704,1779,
117,,Бодайбо,Иркутская область,Сибирский,15331,1864,1903,
118,,Бокситогорск,Ленинградская область,Северо-Западный,16593,1929,1950,Бокситы  (до 1935)
119,,Болгар,Татарстан,Приволжский,8650,1781,1552,Булгар ; Спасск  (до 1935); Куйбышев  (до 1991)
120,,Бологое,Тверская область,Центральный,23499,1495,1918,
121,,Болотное,Новосибирская область,Сибирский,16969,1805,1943,
122,,Болохово,Тульская область,Центральный,9619,XVI век,1943,
123,,Болхов,Орловская область,Центральный,11421,1196,1778,
124,,Большой Камень,Приморский край,Дальневосточный,39257,1947,1989,Стройка УНР-261  (до 1956)
125,,Бор,Нижегородская область,Приволжский,78079,XIV век,1938,
126,,Борзя,Забайкальский край,Сибирский,31376,1899,1950,
127,,Борисоглебск,Воронежская область,Центральный,65585,1698,1779,Новопавловск  (до 1704)
128,,Боровичи,Новгородская область,Северо-Западный,54731,XV век,1770,
129,,Боровск,Калужская область,Центральный,12283,1358,1358,
130,,Бородино,Красноярский край,Сибирский,17423,1949,1981,
131,,Братск,Иркутская область,Сибирский,246348,1631,1955,"Брацк ,  Братско-Острожное ,  Братское"
132,,Бронницы,Московская область,Центральный,21102,1453,1781,Броничи
133,,Брянск,Брянская область,Центральный,415640,985,985,Дебрянск
134,,Бугульма,Татарстан,Приволжский,89144,1736,1781,
135,,Бугуруслан,Оренбургская область,Приволжский,52249,1748,1781,
136,,Будённовск,Ставропольский край,Северо-Кавказский,64628,1799,1799,"Святой Крест  (до 1921); Прикумск  (до 1935, с 1957 до 1973)"
137,,Бузулук,Оренбургская область,Приволжский,82816,1736,1781,
138,,Буинск,Татарстан,Приволжский,20342,1691,1780,
139,,Буй,Костромская область,Центральный,25763,1536,1719,
140,,Буйнакск,Дагестан,Северо-Кавказский,65735,1834,1866,Темир-Хан-Шура  (до 1922)
141,,Бутурлиновка,Воронежская область,Центральный,27208,1740,1917,
142,,Валдай,Новгородская область,Северо-Западный,16099,XV век,1770,
143,,Валуйки,Белгородская область,Центральный,35322,1593,1593,
144,,Велиж,Смоленская область,Центральный,7620,1536,1776,
145,,Великие Луки,Псковская область,Северо-Западный,98778,1166,1777,Луки  (до 1406)
146,,Великий Новгород,Новгородская область,Северо-Западный,218724,VIII — IX века,859,Новгород  (до 1999)
147,,Великий Устюг,Вологодская область,Северо-Западный,31664,1147,1147,Устюг
148,,Вельск,Архангельская область,Северо-Западный,23885,1137,1780,
149,,Венёв,Тульская область,Центральный,15220,1371,1777,
150,,Верещагино,Пермский край,Приволжский,22760,1898,1942,Очерская  (до 1903); Вознесенская  (до 1916)
151,,Верея,Московская область,Центральный,5368,1371,1781,
152,,Верхнеуральск,Челябинская область,Уральский,9459,1734,1781,Верхояицкая пристань  (до 1736); Верхояицкая крепость  (до 1775); Верхнеуральская крепость  (до 1781)
153,,Верхний Тагил,Свердловская область,Уральский,11843,1716,1966,
154,,Верхний Уфалей,Челябинская область,Уральский,30504,1761,1941,Верхне-Уфалейский завод
155,,Верхняя Пышма,Свердловская область,Уральский,58707,1854,1946,Пышма ; Медный Рудник  (до 1946)
156,,Верхняя Салда,Свердловская область,Уральский,46240,1778,1938,
157,,Верхняя Тура,Свердловская область,Уральский,9468,1737,1941,
158,,Верхотурье,Свердловская область,Уральский,8815,1597,1598,
159,,Верхоянск,Якутия,Дальневосточный,1311,1638,1817,
160,,Весьегонск,Тверская область,Центральный,7330,1564,1776,
161,,Ветлуга,Нижегородская область,Приволжский,8956,1606,1778,Верхнее Воскресенское  (до 1778)
162,,Видное,Московская область,Центральный,56798,1949,1965,"Паринки ,  Видново"
163,,Вилюйск,Якутия,Дальневосточный,10233,1634,1783,Оленск  (до 1821)
164,,Вилючинск,Камчатский край,Дальневосточный,22905,1968,1968,Советский  (до 1970); Приморский  (до 1994)
165,,Вихоревка,Иркутская область,Сибирский,22528,1947,1966,
166,,Вичуга,Ивановская область,Центральный,37609,1925,1925,
167,,Владивосток,Приморский край,Дальневосточный,592069,1860,1880,
168,,Владикавказ,Северная Осетия — Алания,Северо-Кавказский,311635,1784,1860,"Орджоникидзе  (с 1931 до 1944, с 1954 до 1990); Дзауджикау  (с 1944 до 1954)"
169,,Владимир,Владимирская область,Центральный,348256,990,990,
170,,Волгоград,Волгоградская область,Южный,1021244,1589,1780,Царицын  (до 1925); Сталинград  (до 1961)
171,,Волгодонск,Ростовская область,Южный,170621,1950,1956,Волго-Донск
172,,Волгореченск,Костромская область,Центральный,17108,1964,1994,
173,,Волжск,Марий Эл,Приволжский,55671,XVI век,1940,Лопатино  (до 1938)
174,,Волжский,Волгоградская область,Южный,314436,1951,1954,
175,,Вологда,Вологодская область,Северо-Западный,301642,1147,1147,
176,,Володарск,Нижегородская область,Приволжский,9924,XIX век,1956,Сейма  (до 1920); Володары  (до 1956)
177,,Волоколамск,Московская область,Центральный,23386,1135,1135,"Волок-на-Ламе ,  Волок Ламский"
178,,Волосово,Ленинградская область,Северо-Западный,12162,1870,1999,"Волосва ,  Волосова"
179,,Волхов,Ленинградская область,Северо-Западный,47344,1918,1933,Званка  (до 1933); Волховстрой  (до 1940)
180,,Волчанск,Свердловская область,Уральский,10008,1956,1956,Лесная Волчанка  (до 1956)
181,,Вольск,Саратовская область,Приволжский,66520,1780,1780,
182,,Воркута,Коми,Северо-Западный,70551,1936,1943,Рудник
183,,Воронеж,Воронежская область,Центральный,889680,1586,1586,
184,,Ворсма,Нижегородская область,Приволжский,11622,1588,1955,
185,,Воскресенск,Московская область,Центральный,91301,1862,1938,
186,,Воткинск,Удмуртия,Приволжский,100034,1759,1935,Воткинский завод
187,,Всеволожск,Ленинградская область,Северо-Западный,59689,1892,1963,
188,,Вуктыл,Коми,Северо-Западный,12357,1968,1984,
189,,Выборг,Ленинградская область,Северо-Западный,80013,1293,1403,
190,,Выкса,Нижегородская область,Приволжский,56196,XVI век,1934,
191,,Высоковск,Московская область,Центральный,10642,1864,1940,
192,,Высоцк,Ленинградская область,Северо-Западный,1244,1532,1940,Тронгзунд  (до 1917); Уурас  (до 1948)
193,,Вытегра,Вологодская область,Северо-Западный,10490,1710,1773,
194,,Вышний Волочёк,Тверская область,Центральный,52326,1471,1770,
195,,Вяземский,Хабаровский край,Дальневосточный,14556,1894,1951,Вяземское
196,,Вязники,Владимирская область,Центральный,41252,1608,1778,
197,,Вязьма,Смоленская область,Центральный,57103,1239,1776,
198,,Вятские Поляны,Кировская область,Приволжский,35159,1596,1942,
199,,Гаврилов Посад,Ивановская область,Центральный,6434,1434,1789,
200,,Гаврилов-Ям,Ярославская область,Центральный,17792,1545,1938,"Гавриловский Ям ,  Гаврилов-Ямская слобода"
201,,Гагарин,Смоленская область,Центральный,31721,1705,1776,Гжатск  (до 1968)
202,,Гаджиево,Мурманская область,Северо-Западный,11089,1957,1981,Ягельная Губа  (до 1967); Мурманск-130  (с 1981 до 1994); Скалистый  (до 1999)
203,,Гай,Оренбургская область,Приволжский,38302,1959,1979,
204,,Галич,Костромская область,Центральный,17346,1159,1237,Галич Мерьский
205,,Гатчина,Ленинградская область,Северо-Западный,92566,1499,1796,Троцк  (с 1923 до 1929); Красногвардейск  (до 1944)
206,,Гвардейск,Калининградская область,Северо-Западный,13888,1255,1722,Тапиау  (до 1946)
207,,Гдов,Псковская область,Северо-Западный,4379,XIV век,1322,
208,,Геленджик,Краснодарский край,Южный,54813,1831,1915,"Торик ,  Пагры ,  Ептала"
209,,Георгиевск,Ставропольский край,Северо-Кавказский,72126,1777,1786,
210,,Глазов,Удмуртия,Приволжский,95835,1678,1780,
211,,Голицыно,Московская область,Центральный,17447,1872,2004,
212,,Горбатов,Нижегородская область,Приволжский,2278,XVI век,1779,Горбатое  (до 1779)
213,,Горно-Алтайск,Алтай,Сибирский,62861,1830,1928,Улала  (до 1932); Ойрот-Тура  (до 1948)
214,,Горнозаводск,Пермский край,Приволжский,12334,1947,1965,Новопашийский  (до 1965)
215,,Горняк,Алтайский край,Сибирский,13040,1942,1969,Золотуха
216,,Городец,Нижегородская область,Приволжский,30699,1152,1922,
217,,Городище,Пензенская область,Приволжский,8102,1681,1780,
218,,Городовиковск,Калмыкия,Южный,9565,1872,1971,Башанта  (до 1971)
219,,Гороховец,Владимирская область,Центральный,14015,1158,1158,
220,,Горячий Ключ,Краснодарский край,Южный,30093,1868,1965,
221,,Грайворон,Белгородская область,Центральный,6234,1678,1838,
222,,Гремячинск,Пермский край,Приволжский,11005,1941,1949,
223,,Грозный,Чечня,Северо-Кавказский,271596,1818,1869,Грозная  (до 1869)
224,,Грязи,Липецкая область,Центральный,46798,1868,1938,
225,,Грязовец,Вологодская область,Северо-Западный,15528,1538,1780,"Грязовитский ,  Грязлевицы"
226,,Губаха,Пермский край,Приволжский,27544,1755,1941,
227,,Губкин,Белгородская область,Центральный,88562,1939,1955,Коробково  (до 1939)
228,,Губкинский,Ямало-Ненецкий АО,Уральский,23340,1986,1996,
229,,Гудермес,Чечня,Северо-Кавказский,45643,XIX век,1941,посёлок имени Калинина
230,,Гуково,Ростовская область,Южный,67268,1878,1955,
231,,Гулькевичи,Краснодарский край,Южный,35225,1875,1961,
232,,Гурьевск,Калининградская область,Северо-Западный,12433,1262,1946,Нойхаузен  (до 1946)
233,,Гурьевск,Кемеровская область,Сибирский,24816,1816,1938,
234,,Гусев,Калининградская область,Северо-Западный,28260,XVI век,1724,Биссеркемен  (до 1550); Гумбиннен  (до 1946)
235,,Гусиноозёрск,Бурятия,Сибирский,23280,1939,1953,Шахты  (до 1953)
236,,Гусь-Хрустальный,Владимирская область,Центральный,60773,1756,1931,Гусь ; Гусь-Мальцевский  (до 1926)
237,,Давлеканово,Башкортостан,Приволжский,24040,1730-е,1942,
238,,Дагестанские Огни,Дагестан,Северо-Кавказский,30671,1914,1914,
239,,Далматово,Курганская область,Уральский,13913,1644,1947,Служняя  (до 1691); Николаевское  (до 1781); Далматов  (до 1924)
240,,Дальнегорск,Приморский край,Дальневосточный,37503,1897,1989,Тетюхе  (до 1972)
241,,Дальнереченск,Приморский край,Дальневосточный,27601,1859,1917,Иман  (до 1972)
242,,Данилов,Ярославская область,Центральный,15861,XV век,1777,Даниловское  (до 1777)
243,,Данков,Липецкая область,Центральный,21056,1563,1957,Донков
244,,Дегтярск,Свердловская область,Уральский,15521,1914,1954,
245,,Дедовск,Московская область,Центральный,29280,1911,1940,
246,,Демидов,Смоленская область,Центральный,7333,1499,1776,Поречье  (до 1918)
247,,Дербент,Дагестан,Северо-Кавказский,119961,438,1840,Баб-аль-Абваб
248,,Десногорск,Смоленская область,Центральный,29677,1974,1989,
249,,Джанкой Оспаривается,Крым,Южный,38622,1784,1917,
250,,Дзержинск,Нижегородская область,Приволжский,240762,1606,1930,Чёрное  (до 1927); Растяпино  (до 1929)
251,,Дзержинский,Московская область,Центральный,47125,1380-е,1981,Угреша
252,,Дивногорск,Красноярский край,Сибирский,28271,1956,1963,Скит
253,,Дигора,Северная Осетия — Алания,Северо-Кавказский,10856,1852,1964,Христиановское  (до 1934)
254,,Димитровград,Ульяновская область,Приволжский,122549,1698,1926,Мелекесс  (до 1972)
255,,Дмитриев,Курская область,Центральный,7721,1779,1779,
256,,Дмитров,Московская область,Центральный,61454,1154,1154,
257,,Дмитровск,Орловская область,Центральный,5956,1711,1782,Дмитровка  (до 1782); Дмитровск-Орловский  (с 1929 до 2005)
258,,Дно,Псковская область,Северо-Западный,9061,1897,1925,Донщина
259,,Добрянка,Пермский край,Приволжский,35720,1623,1943,Домрянка
260,,Долгопрудный,Московская область,Центральный,90976,1931,1957,Дирижаблестрой  (до 1938)
261,,Долинск,Сахалинская область,Дальневосточный,12200,1884,1946,Галкино-Врасское  (до 1905); Отиай  (до 1946)
262,,Домодедово,Московская область,Центральный,96123,1900,1947,Никитск
263,,Донецк,Ростовская область,Южный,50085,1681,1951,Гундоровская  (до 1951); Гундоровка  (до 1955)
264,,Донской,Тульская область,Центральный,64561,1773,1939,Ходырев ; посёлок при руднике имени А. И. Рыкова  (до 1929)
265,,Дорогобуж,Смоленская область,Центральный,10720,1150,XIII век,
266,,Дрезна,Московская область,Центральный,11815,1897,1940,
267,,Дубна,Московская область,Центральный,70569,1956,1956,Иваньково
268,,Дубовка,Волгоградская область,Южный,14345,1732,1803,
269,,Дудинка,Красноярский край,Сибирский,22207,1667,1951,
270,,Духовщина,Смоленская область,Центральный,4370,1675,1777,
271,,Дюртюли,Башкортостан,Приволжский,31272,1795,1989,
272,,Дятьково,Брянская область,Центральный,29438,1626,1938,
273,,Евпатория Оспаривается,Крым,Южный,105719,497 год до н. э.,1784,"Керкинитида ,  Гезлёв"
274,,Егорьевск,Московская область,Центральный,70133,1462,1778,
275,,Ейск,Краснодарский край,Южный,87771,1848,1848,
276,,Екатеринбург,Свердловская область,Уральский,1377738,1723,1781,Свердловск  (с 1924 до 1991)
277,,Елабуга,Татарстан,Приволжский,70750,XI век,1780,Трёхсвятское
278,,Елец,Липецкая область,Центральный,108404,1146,1778,
279,,Елизово,Камчатский край,Дальневосточный,39548,1848,1975,Старый Острог  (до 1879); Завойко  (до 1924)
280,,Ельня,Смоленская область,Центральный,10095,1150,1776,
281,,Еманжелинск,Челябинская область,Уральский,30218,1931,1951,Еманжелинские угольные копи  (до 1951)
282,,Емва,Коми,Северо-Западный,14574,1941,1985,Княж-Погост ; Железнодорожный  (до 1985)
283,,Енисейск,Красноярский край,Сибирский,18769,1619,1676,"Тунгусский острог ,  Енисейский острог"
284,,Ермолино,Калужская область,Центральный,10409,1601,2008,
285,,Ершов,Саратовская область,Приволжский,21447,1893,1963,
286,,Ессентуки,Ставропольский край,Северо-Кавказский,100969,1825,1917,Ессентукская
287,,Ефремов,Тульская область,Центральный,42350,1637,1777,
288,,Железноводск,Ставропольский край,Северо-Кавказский,24496,1810,1917,
289,,Железногорск,Красноярский край,Сибирский,85559,1950,1954,Почтовый ящик №9  (до 1956); Красноярск-26  (до 1994)
290,,Железногорск,Курская область,Центральный,95057,1957,1962,Октябрьский  (до 1958)
291,,Железногорск-Илимский,Иркутская область,Сибирский,26134,1948,1965,Коршуниха  (до 1958); Железногорск  (до 1965)
292,,Жердевка,Тамбовская область,Центральный,15211,1745,1954,Чибизовка  (до 1954)
293,,Жигулёвск,Самарская область,Приволжский,57565,1949,1952,
294,,Жиздра,Калужская область,Центральный,5585,1146,1777,
295,,Жирновск,Волгоградская область,Южный,16890,XVIII век,1958,Жирное  (до 1954); Жирновский  (до 1958)
296,,Жуков,Калужская область,Центральный,12150,XVII век,1996,Угодский Завод  (до 1974); Жуково  (до 1996)
297,,Жуковка,Брянская область,Центральный,18269,1871,1962,
298,,Жуковский,Московская область,Центральный,102729,1935,1947,Стаханово  (до 1947)
299,,Завитинск,Амурская область,Дальневосточный,11481,1906,1954,Завитая  (до 1954)
300,,Заводоуковск,Тюменская область,Уральский,25657,1729,1960,Уковская  (до 1787); Заводоуковское  (до 1939)
301,,Заволжск,Ивановская область,Центральный,12045,XIX век,1954,Владычное  (до 1934); Заволжье  (до 1954)
302,,Заволжье,Нижегородская область,Приволжский,40265,1947,1964,Пестово
303,,Задонск,Липецкая область,Центральный,9695,1615,1779,
304,,Заинск,Татарстан,Приволжский,41798,1656,1978,
305,,Закаменск,Бурятия,Сибирский,11249,1934,1944,Джидастрой  (до 1944); Городок  (до 1959)
306,,Заозёрный,Красноярский край,Сибирский,10683,1776,1948,"Троицкоозёрское ,  Троицко-Заозёрное"
307,,Заозёрск,Мурманская область,Северо-Западный,11206,1958,1958,Заозёрный  (до 1981); Североморск-7  (до 1994); Мурманск-150  (до 1994); Западная Лица  (до 1994)
308,,Западная Двина,Тверская область,Центральный,9376,1900,1937,
309,,Заполярный,Мурманская область,Северо-Западный,15835,1956,1963,
310,,Зарайск,Московская область,Центральный,24648,1146,1778,
311,,Заречный,Пензенская область,Приволжский,63579,1958,1958,Пенза-19  (до 1992)
312,,Заречный,Свердловская область,Уральский,26803,1955,1992,
313,,Заринск,Алтайский край,Сибирский,47035,1748,1979,"Заринский ,  Сорокино"
314,,Звенигово,Марий Эл,Приволжский,11945,1860,1974,"Чекуры ,  Звенижский"
315,,Звенигород,Московская область,Центральный,16395,1152,1781,
316,,Зверево,Ростовская область,Южный,22416,1819,1989,
317,,Зеленогорск,Красноярский край,Сибирский,66018,1956,1956,"Усть-Барга ,  Заозёрный-13 ,  Красноярск-45"
318,,Зеленоградск,Калининградская область,Северо-Западный,13015,1252,1947,Кранц  (до 1946)
319,,Зеленодольск,Татарстан,Приволжский,97651,1865,1932,Кабачищи  (до 1897); Паратск  (до 1928); Зелёный Дол  (до 1932)
320,,Зеленокумск,Ставропольский край,Северо-Кавказский,35790,1781,1965,Воронцово-Александровское  (до 1963); Советское  (до 1965)
321,,Зерноград,Ростовская область,Южный,26850,1929,1951,Зерновой  (до 1960)
322,,Зея,Амурская область,Дальневосточный,25042,1879,1907,Зейский Склад  (до 1906); Зея-Пристань  (до 1913)
323,,Зима,Иркутская область,Сибирский,32522,1743,1922,"Мироново ,  Зиминское"
324,,Златоуст,Челябинская область,Уральский,174985,1754,1865,Златоустовский завод  (до 1811)
325,,Злынка,Брянская область,Центральный,5507,1702,1925,
326,,Змеиногорск,Алтайский край,Сибирский,10569,1736,1952,
327,,Знаменск,Астраханская область,Южный,29357,1948,1962,Капустин Яр-1  (до 1993)
328,,Зубцов,Тверская область,Центральный,6937,1216,1216,
329,,Зуевка,Кировская область,Приволжский,11198,1899,1944,
330,,Ивангород,Ленинградская область,Северо-Западный,9797,1492,1954,
331,,Иваново,Ивановская область,Центральный,409277,1561,1871,Иваново-Вознесенск  (до 1932)
332,,Ивантеевка,Московская область,Центральный,58594,1564,1938,
333,,Ивдель,Свердловская область,Уральский,17764,1831,1943,Никито-Ивдель
334,,Игарка,Красноярский край,Сибирский,6183,1929,1931,
335,,Ижевск,Удмуртия,Приволжский,628117,1760,1918,Ижевский завод  (до 1918); Устинов  (с 1984 до 1987)
336,,Избербаш,Дагестан,Северо-Кавказский,56301,1932,1949,
337,,Изобильный,Ставропольский край,Северо-Кавказский,40546,1895,1965,Изобильно-Тищенский  (до 1935); Изобильное  (до 1965)
338,,Иланский,Красноярский край,Сибирский,16108,1646,1939,
339,,Инза,Ульяновская область,Приволжский,18547,1897,1946,
340,,Иннополис,Татарстан,Приволжский,96 [3],2012,2015,
341,,Инсар,Мордовия,Приволжский,8687,1648,1780,
342,,Инта,Коми,Северо-Западный,32021,1940,1954,
343,,Ипатово,Ставропольский край,Северо-Кавказский,26055,1860,1979,Чемрек  (до 1880); Винодельное  (до 1935)
344,,Ирбит,Свердловская область,Уральский,38352,1631,1775,
345,,Иркутск,Иркутская область,Сибирский,587225,1661,1686,"Яндашский острог ,  Иркутский острог"
346,,Исилькуль,Омская область,Сибирский,25905,1895,1945,Исиль-Куль
347,,Искитим,Новосибирская область,Сибирский,60072,1717,1938,
348,,Истра,Московская область,Центральный,35106,1589,1781,Сафатово  (до 1636); Воскресенское  (до 1781); Воскресенск  (до 1930)
349,,Ишим,Тюменская область,Уральский,69567,1687,1782,Коркина слобода  (до 1782)
350,,Ишимбай,Башкортостан,Приволжский,66259,1932,1940,
351,,Йошкар-Ола,Марий Эл,Приволжский,248688,1584,1781,Царевококшайск  (до 1919); Краснококшайск  (до 1928)
352,,Кадников,Вологодская область,Северо-Западный,4797,1492,1780,
353,,Казань,Татарстан,Приволжский,1216965,1005,1005,
354,,Калач,Воронежская область,Центральный,20046,1716,1945,
355,,Калач-на-Дону,Волгоградская область,Южный,26892,1708,1951,Калач  (до 1951)
356,,Калачинск,Омская область,Сибирский,24000,1952,1918,"Калачики ,  Калач"
357,,Калининград,Калининградская область,Северо-Западный,431491,1255,1255,Твангсте  (до 1255); Кёнигсберг  (до 1946)
358,,Калининск,Саратовская область,Приволжский,16442,1680,1962,Баланда  (до 1962)
359,,Калтан,Кемеровская область,Сибирский,21893,1946,1959,
360,,Калуга,Калужская область,Центральный,325185,1371,1371,
361,,Калязин,Тверская область,Центральный,13870,1434,1775,
362,,Камбарка,Удмуртия,Приволжский,11028,1767,1945,
363,,Каменка,Пензенская область,Приволжский,39579,XVIII век,1951,
364,,Каменногорск,Ленинградская область,Северо-Западный,6761,1597,1940,Антреа  (до 1948)
365,,Каменск-Уральский,Свердловская область,Уральский,174710,1682,1935,Железенское поселье  (до 1699); Каменская слобода  (до 1701); Каменский Завод  (до 1935); Каменск  (до 1940)
366,,Каменск-Шахтинский,Ростовская область,Южный,95306,1671,1927,Каменская  (до 1927); Каменск  (до 1929)
367,,Камень-на-Оби,Алтайский край,Сибирский,41787,1751,1915,Камень  (до 1933)
368,,Камешково,Владимирская область,Центральный,13113,1892,1951,Авдотьино
369,,Камызяк,Астраханская область,Южный,16291,1560,1973,
370,,Камышин,Волгоградская область,Южный,119924,1668,1780,Дмитриевск  (до 1780)
371,,Камышлов,Свердловская область,Уральский,26875,1668,1781,"Камышенский острог ,  Камышевская слобода ,  Камышловская слобода"
372,,Канаш,Чувашия,Приволжский,45608,1892,1925,Шихраны  (до 1925)
373,,Кандалакша,Мурманская область,Северо-Западный,35659,1517,1938,
374,,Канск,Красноярский край,Сибирский,94230,1636,1782,
375,,Карабаново,Владимирская область,Центральный,14868,1630,1938,
376,,Карабаш,Челябинская область,Уральский,13151,1822,1933,
377,,Карабулак,Ингушетия,Северо-Кавказский,31081,1859,1995,Карабулакская  (до 1962)
378,,Карасук,Новосибирская область,Сибирский,28929,1912,1954,
379,,Карачаевск,Карачаево-Черкесия,Северо-Кавказский,23848,1926,1929,Микоян-Шахар  (до 1943); Клухори  (до 1957)
380,,Карачев,Брянская область,Центральный,19715,1146,1146,Корачев
381,,Каргат,Новосибирская область,Сибирский,10620,XVIII век,1965,
382,,Каргополь,Архангельская область,Северо-Западный,10148,1447,1613,
383,,Карпинск,Свердловская область,Уральский,29118,1759,1941,Богословск  (до 1933); Угольный  (до 1941)
384,,Карталы,Челябинская область,Уральский,29136,1810,1944,"Полтавский ,  Полтавка"
385,,Касимов,Рязанская область,Центральный,33494,1152,1152,Городец Мещёрский  (до 1376); Новый Низовой Город  (до 1471)
386,,Касли,Челябинская область,Уральский,16998,1747,1942,Каслинский
387,,Каспийск,Дагестан,Северо-Кавказский,103914,1932,1947,Двигательстрой  (до 1947)
388,,Катав-Ивановск,Челябинская область,Уральский,17640,1755,1938,
389,,Катайск,Курганская область,Уральский,14017,1655,1944,
390,,Качканар,Свердловская область,Уральский,42563,1957,1968,
391,,Кашин,Тверская область,Центральный,16174,1238,1238,
392,,Кашира,Московская область,Центральный,41880,1356,1777,
393,,Кедровый,Томская область,Сибирский,2451,1982,1987,
394,,Кемерово,Кемеровская область,Сибирский,532884,1918,1918,Щеглово  (до 1918); Щеглов  (до 1924); Щегловск  (до 1932)
395,,Кемь,Карелия,Северо-Западный,13061,XIV век,1785,
396,,Керчь Оспаривается,Крым,Южный,147033,VII  —  VI век до н. э.,,"Черкио ,  Воспоро ,  Корчев ,  Боспор ,  Пантикапей"
397,,Кизел,Пермский край,Приволжский,20277,1750,1926,Кизеловский завод
398,,Кизилюрт,Дагестан,Северо-Кавказский,36187,1927,1963,"Красный ,  Кизил-Юрт"
399,,Кизляр,Дагестан,Северо-Кавказский,49169,1735,1785,
400,,Кимовск,Тульская область,Центральный,28493,XVII век,1952,Михайловский  (до 1948)
401,,Кимры,Тверская область,Центральный,49623,1546,1917,
402,,Кингисепп,Ленинградская область,Северо-Западный,48667,1384,1784,Ям  (до 1703); Ямбург  (до 1922)
403,,Кинель,Самарская область,Приволжский,34472,1837,1944,
404,,Кинешма,Ивановская область,Центральный,88113,1429,1504,
405,,Киреевск,Тульская область,Центральный,25585,1762,1956,Киреевка
406,,Киренск,Иркутская область,Сибирский,12652,1630,1775,"Никольский погост ,  Усть-Киренск"
407,,Киржач,Владимирская область,Центральный,30044,1332,1778,
408,,Кириллов,Вологодская область,Северо-Западный,7735,1397,1776,
409,,Кириши,Ленинградская область,Северо-Западный,52826,1693,1965,"Киреши ,  Киреш"
410,,Киров,Калужская область,Центральный,31888,1745,1936,Песочня  (до 1936)
411,,Киров,Кировская область,Приволжский,473668,1181,1181,Хлынов  (до 1780); Вятка  (до 1934)
412,,Кировград,Свердловская область,Уральский,21959,1661,1932,Калата  (до 1936)
413,,Кирово-Чепецк,Кировская область,Приволжский,80920,1935,1955,Усть-Чепца  (до 1942); Кирово-Чепецкий  (до 1952)
414,,Кировск,Ленинградская область,Северо-Западный,25633,1931,1953,Невдубрстрой  (до 1953)
415,,Кировск,Мурманская область,Северо-Западный,28659,1929,1931,Хибиногорск  (до 1934)
416,,Кирс,Кировская область,Приволжский,10420,1729,1965,
417,,Кирсанов,Тамбовская область,Центральный,17240,1702,1779,
418,,Киселёвск,Кемеровская область,Сибирский,98382,1917,1936,
419,,Кисловодск,Ставропольский край,Северо-Кавказский,128502,1803,1903,Кисловодская  (до 1903)
420,,Клин,Московская область,Центральный,80584,1317,1781,
421,,Клинцы,Брянская область,Центральный,62510,1707,1925,
422,,Княгинино,Нижегородская область,Приволжский,6708,1569,1998,Княгинин  (до 1925)
423,,Ковдор,Мурманская область,Северо-Западный,18836,1953,1965,
424,,Ковров,Владимирская область,Центральный,145492,XII век,1778,
425,,Ковылкино,Мордовия,Приволжский,21307,1892,1960,"Воскресенская Лашма ,  Лашма ,  Кашаево ,  Арапово"
426,,Когалым,Ханты-Мансийский АО — Югра,Уральский,58192,1975,1985,Когалымский
427,,Кодинск,Красноярский край,Сибирский,14835,1977,1989,
428,,Козельск,Калужская область,Центральный,18203,XII век,1146,
429,,Козловка,Чувашия,Приволжский,10355,1671,1967,
430,,Козьмодемьянск,Марий Эл,Приволжский,21262,1583,,
431,,Кола,Мурманская область,Северо-Западный,10447,1517,1965,
432,,Кологрив,Костромская область,Центральный,3314,XVII век,1778,
433,,Коломна,Московская область,Центральный,144642,1177,1177,
434,,Колпашево,Томская область,Сибирский,24126,XVII век,1938,
435,,Кольчугино,Владимирская область,Центральный,45804,1871,1931,
436,,Коммунар,Ленинградская область,Северо-Западный,20265,1843,1993,"Антропшино ,  Царская Славянка ,  Павловская Славянка ,  посёлок при фабрике Роджерса и Пейффера"
437,,Комсомольск,Ивановская область,Центральный,8693,1931,1950,
438,,Комсомольск-на-Амуре,Хабаровский край,Дальневосточный,263906,1860,1932,Пермское
439,,Конаково,Тверская область,Центральный,41303,1806,1937,Кузнецово  (до 1929)
440,,Кондопога,Карелия,Северо-Западный,32978,1563,1938,
441,,Кондрово,Калужская область,Центральный,16672,1615,1938,Кондырево  (до 1938)
442,,Константиновск,Ростовская область,Южный,17926,1593,1967,Константиновская  (до 1941); Константиновский  (до 1967)
443,,Копейск,Челябинская область,Уральский,137604,1907,1933,
444,,Кораблино,Рязанская область,Центральный,12657,1676,1965,Кораблинск
445,,Кореновск,Краснодарский край,Южный,41179,1794,1961,Кореновская  (до 1961)
446,,Коркино,Челябинская область,Уральский,38950,1795,1942,"Коркина ,  Коркинский"
447,,Королёв,Московская область,Центральный,183452,1938,1938,Подлипки  (до 1928); Калининский  (до 1938); Калининград  (до 1996)
448,,Короча,Белгородская область,Центральный,5877,1637,1638,
449,,Корсаков,Сахалинская область,Дальневосточный,33526,1853,1946,Муравьёвский пост  (до 1854); Корсаковский пост  (до 1905) Отомари  (до 1946)
450,,Коряжма,Архангельская область,Северо-Западный,39629,1535,1985,
451,,Костерёво,Владимирская область,Центральный,9136,1890,1981,
452,,Костомукша,Карелия,Северо-Западный,28433,1977,1983,
453,,Кострома,Костромская область,Центральный,268617,1152,1152,
454,,Котельники,Московская область,Центральный,32347,XVII век,2004,
455,,Котельниково,Волгоградская область,Южный,20441,1897,1955,Котельниковская  (до 1929); Котельниковский  (до 1955)
456,,Котельнич,Кировская область,Приволжский,24979,1143,1780,Кокшаров
457,,Котлас,Архангельская область,Северо-Западный,60562,1617,1917,Кодлас
458,,Котово,Волгоградская область,Южный,24104,1710-е,1966,
459,,Котовск,Тамбовская область,Центральный,31851,1940,1940,Пороховой Завод  (до 1918); Ударный  (до 1919); Красный Боевик  (до 1940)
460,,Кохма,Ивановская область,Центральный,29408,1619,1925,
461,,Красавино,Вологодская область,Северо-Западный,7003,1848,1947,
462,,Красноармейск,Московская область,Центральный,26294,1928,1947,Муромцево  (до 1928); Краснофлотский  (до 1929); Красноармейский  (до 1947)
463,,Красноармейск,Саратовская область,Приволжский,24362,1765,1918,Голый Карамыш  (до 1925); Бальцер  (до 1942)
464,,Красновишерск,Пермский край,Приволжский,17129,1894,1942,Вижаиха  (до 1930)
465,,Красногорск,Московская область,Центральный,116738,1932,1940,
466,,Краснодар,Краснодарский край,Южный,744933,1793,1867,Екатеринодар  (до 1920)
467,,Краснозаводск,Московская область,Центральный,13432,1916,1940,рабочий посёлок завода № 11  (до 1937); Возрождение  (до 1938); Лесной  (до 1939); Краснозаводский  (до 1940)
468,,Краснознаменск,Калининградская область,Северо-Западный,3522,1576,1946,Лаздинай  (до 1734); Лазденен  (до 1938); Хазельберг  (до 1946)
469,,Краснознаменск,Московская область,Центральный,36057,1952,1981,Голицыно-2  (до 1977)
470,,Краснокаменск,Забайкальский край,Сибирский,55668,1967,1969,
471,,Краснокамск,Пермский край,Приволжский,52632,1929,1938,Бумстрой  (до 1930)
472,,Красноперекопск Оспаривается,Крым,Южный,26268,1932,1966,селение при Перекопском бромном заводе  (до 1938)
473,,Краснослободск,Волгоградская область,Южный,16007,1870,1955,Букатин  (до 1923); Красная Слобода  (до 1955)
474,,Краснослободск,Мордовия,Приволжский,10151,1571,1706,Красная Слобода  (до 1780)
475,,Краснотурьинск,Свердловская область,Уральский,59701,1758,1994,Турьинские рудники  (до 1944)
476,,Красноуральск,Свердловская область,Уральский,24973,1925,1931,Богомолстрой  (до 1929); Уралмедьстрой  (до 1931)
477,,Красноуфимск,Свердловская область,Уральский,39765,1736,1781,
478,,Красноярск,Красноярский край,Сибирский,973826,1628,1690,Новокачинский острог  (до 1659); Большой острог  (до 1690)
479,,Красный Кут,Саратовская область,Приволжский,14420,1837,1966,
480,,Красный Сулин,Ростовская область,Южный,40866,1797,1926,Сулин  (до 1926)
481,,Красный Холм,Тверская область,Центральный,5608,1518,1776,
482,,Кремёнки,Калужская область,Центральный,11617,XVIII век,2004,
483,,Кропоткин,Краснодарский край,Южный,80743,1879,1921,Романовский  (до 1921)
484,,Крымск,Краснодарский край,Южный,57370,1862,1958,Крымская  (до 1958)
485,,Кстово,Нижегородская область,Приволжский,66641,XIV век,1957,
486,,Кубинка,Московская область,Центральный,22918,XV век,2004,
487,,Кувандык,Оренбургская область,Приволжский,26176,XIX век,1953,
488,,Кувшиново,Тверская область,Центральный,10008,1910,1938,
489,,Кудрово,Ленинградская область,Северо-Западный,13501 [4],1926,2018,
490,,Кудымкар,Пермский край,Приволжский,30711,1579,1938,
491,,Кузнецк,Пензенская область,Приволжский,88886,1699,1780,"Труёво ,  Труёво-Воскресенское ,  Нарышкино"
492,,Куйбышев,Новосибирская область,Сибирский,47278,1722,1722,Каинск  (до 1935)
493,,Кукмор,Татарстан,Приволжский,17700 [4],1741,2017,Таишевский завод
494,,Кулебаки,Нижегородская область,Приволжский,35762,1677,1932,
495,,Кумертау,Башкортостан,Приволжский,62854,1947,1953,
496,,Кунгур,Пермский край,Приволжский,67857,1663,1781,
497,,Купино,Новосибирская область,Сибирский,15448,1886,1944,Моховое  (до 1909)
498,,Курган,Курганская область,Уральский,333640,1679,1782,Царёво Городище  (до 1738); Курганская слобода  (до 1782)
499,,Курганинск,Краснодарский край,Южный,47974,1855,1961,Курганная  (до 1961)
500,,Курильск,Сахалинская область,Дальневосточный,2070,XVIII век,1947,Сяна  (до 1947)
501,,Курлово,Владимирская область,Центральный,6791,1811,1998,Курловский  (до 1998)
502,,Куровское,Московская область,Центральный,21821,1646,1952,
503,,Курск,Курская область,Центральный,414595,1032,1779,
504,,Куртамыш,Курганская область,Уральский,17098,1745,1956,
505,,Курчалой,Чечня,Северо-Кавказский,25672,1860,2019,Чкалово  (с 1944 до 1958)
506,,Курчатов,Курская область,Центральный,42691,1968,1983,
507,,Куса,Челябинская область,Уральский,18792,1778,1943,Кусинский завод
508,,Кушва,Свердловская область,Уральский,33027,1735,1925,Кушвинский Завод  (до 1926)
509,,Кызыл,Тыва,Сибирский,109906,1914,1914,Белоцарск  (до 1918); Хем-Бельдир  (до 1926)
510,,Кыштым,Челябинская область,Уральский,38950,1757,1934,"Верхне-Кыштымский завод ,  Нижне-Кыштымский завод ,  Кыштымский завод"
511,,Кяхта,Бурятия,Сибирский,20013,1727,1805,Троицкосавск  (до 1934)
512,,Лабинск,Краснодарский край,Южный,62822,1841,1947,Лабинская
513,,Лабытнанги,Ямало-Ненецкий АО,Уральский,26948,1890,1975,
514,,Лагань,Калмыкия,Южный,14323,1870,1963,Каспийский  (с 1944 до 1991)
515,,Ладушкин,Калининградская область,Северо-Западный,3788,1314,1946,Людвигсорт  (до 1946)
516,,Лаишево,Татарстан,Приволжский,7735,1557,2004,Лаишев  (до 1926)
517,,Лакинск,Владимирская область,Центральный,15707,XV век,1969,Ундол  (до 1922); Лакинский  (до 1969)
518,,Лангепас,Ханты-Мансийский АО — Югра,Уральский,41675,1980,1985,
519,,Лахденпохья,Карелия,Северо-Западный,7818,1600,1945,"Якимвара ,  Якимварская станция  (до 1918)"
520,,Лебедянь,Липецкая область,Центральный,20991,1605,1613,
521,,Лениногорск,Татарстан,Приволжский,64145,1795,1955,Новая Письмянка  (до 1955)
522,,Ленинск,Волгоградская область,Южный,15527,1802,1963,Пришиб  (до 1919)
523,,Ленинск-Кузнецкий,Кемеровская область,Сибирский,101666,1763,1925,Кольчугино  (до 1922); Ленино  (до 1925)
524,,Ленск,Якутия,Дальневосточный,24955,1663,1963,Мухтуя  (до 1963)
525,,Лермонтов,Ставропольский край,Северо-Кавказский,22540,1953,1956,населённый пункт рудоуправления № 10  (до 1954); Лермонтовский  (до 1967)
526,,Лесной,Свердловская область,Уральский,52464,1947,1954,База-9  (до 1954); Свердловск-45  (до 1994)
527,,Лесозаводск,Приморский край,Дальневосточный,36975,1932,1938,
528,,Лесосибирск,Красноярский край,Сибирский,61146,1975,1975,"Маклаково ,  Новомаклаково"
529,,Ливны,Орловская область,Центральный,50430,1586,1586,
530,,Ликино-Дулёво,Московская область,Центральный,31331,1930,1937,
531,,Липецк,Липецкая область,Центральный,508124,1703,1779,Липские Заводы  (до 1779)
532,,Липки,Тульская область,Центральный,8741,XVII век,1955,
533,,Лиски,Воронежская область,Центральный,55864,XVI век,1937,Новая Покровка  (до 1928); Свобода  (до 1943); Георгиу-Деж  (с 1965 до 1991)
534,,Лихославль,Тверская область,Центральный,12259,1624,1925,
535,,Лобня,Московская область,Центральный,74350,1902,1961,
536,,Лодейное Поле,Ленинградская область,Северо-Западный,21053,1702,1785,
537,,Лосино-Петровский,Московская область,Центральный,22550,1708,1951,Петровская слобода  (до 1928)
538,,Луга,Ленинградская область,Северо-Западный,36409,1777,1777,
539,,Луза,Кировская область,Приволжский,11262,1899,1944,
540,,Лукоянов,Нижегородская область,Приволжский,14949,XVI век,1779,
541,,Луховицы,Московская область,Центральный,29849,1594,1957,Глуховичи
542,,Лысково,Нижегородская область,Приволжский,21882,1410,1922,
543,,Лысьва,Пермский край,Приволжский,67712,1785,1926,
544,,Лыткарино,Московская область,Центральный,55147,1429,1957,
545,,Льгов,Курская область,Центральный,21452,1152,1779,Ольгов
546,,Любань,Ленинградская область,Северо-Западный,4188,1499,1917,Любани
547,,Люберцы,Московская область,Центральный,171978,1623,1925,
548,,Любим,Ярославская область,Центральный,5553,1538,1777,
549,,Людиново,Калужская область,Центральный,40550,1626,1938,
550,,Лянтор,Ханты-Мансийский АО — Югра,Уральский,38922,1932,1992,"Пим ,  Лянторский"
551,,Магадан,Магаданская область,Дальневосточный,95925,1929,1939,
552,,Магас,Ингушетия,Северо-Кавказский,2505,1994,2000,
553,,Магнитогорск,Челябинская область,Уральский,408401,1929,1931,Магнитная  (до 1929)
554,,Майкоп,Адыгея,Южный,144055,1857,1870,
555,,Майский,Кабардино-Балкария,Северо-Кавказский,26755,XIX век,1965,Пришибская  (до 1925)
556,,Макаров,Сахалинская область,Дальневосточный,6788,1892,1946,Селютора  (до 1945); Сиритору  (до 1946)
557,,Макарьев,Костромская область,Центральный,7114,1439,1778,Макарьевская слобода
558,,Макушино,Курганская область,Уральский,8337,1797,1963,
559,,Малая Вишера,Новгородская область,Северо-Западный,12461,1843,1921,
560,,Малгобек,Ингушетия,Северо-Кавказский,31076,1934,1939,Вознесенское  (до 1934)
561,,Малмыж,Кировская область,Приволжский,8265,XV век,1780,
562,,Малоархангельск,Орловская область,Центральный,3872,XVII век,1778,
563,,Малоярославец,Калужская область,Центральный,30401,1402,1776,
564,,Мамадыш,Татарстан,Приволжский,14432,1391,1781,
565,,Мамоново,Калининградская область,Северо-Западный,7757,1301,1301,Хайлигенбайль  (до 1947)
566,,Мантурово,Костромская область,Центральный,17479,1617,1958,
567,,Мариинск,Кемеровская область,Сибирский,40522,1698,1856,Кийское  (до 1857)
568,,Мариинский Посад,Чувашия,Приволжский,10186,1620,1856,Сундырь  (до 1856)
569,,Маркс,Саратовская область,Приволжский,31535,1765,1918,"Баронск ,  Екатериненштадт  (до 1915); Екатериненград  (до 1920); Марксштадт  (до 1942)"
570,,Махачкала,Дагестан,Северо-Кавказский,577990,1844,1857,Петровское  (до 1857); Петровск-Порт  (до 1921)
571,,Мглин,Брянская область,Центральный,7916,1387,1154,
572,,Мегион,Ханты-Мансийский АО — Югра,Уральский,49471,1810,1980,
573,,Медвежьегорск,Карелия,Северо-Западный,15536,1916,1938,Медвежья Гора  (до 1938)
574,,Медногорск,Оренбургская область,Приволжский,27253,1933,1939,
575,,Медынь,Калужская область,Центральный,8298,1386,1386,
576,,Межгорье,Башкортостан,Приволжский,17353,1979,1995,"Белорецк-15 ,  Белорецк-16"
577,,Междуреченск,Кемеровская область,Сибирский,101995,1946,1955,Ольжерасс  (до 1955)
578,,Мезень,Архангельская область,Северо-Западный,3599,1600 XVI век,1780,
579,,Меленки,Владимирская область,Центральный,15208,XVIII век,1778,
580,,Мелеуз,Башкортостан,Приволжский,61408,1766,1958,
581,,Менделеевск,Татарстан,Приволжский,22075,1868,1967,Бондюжский  (до 1928); Бондюжск  (до 1967)
582,,Мензелинск,Татарстан,Приволжский,16474,1586,1781,
583,,Мещовск,Калужская область,Центральный,4101,1238,1776,
584,,Миасс,Челябинская область,Уральский,151812,1773,1919,Миясский завод
585,,Микунь,Коми,Северо-Западный,10732,1937,1959,
586,,Миллерово,Ростовская область,Южный,36493,1786,1926,Миллеров-Глубокинский
587,,Минеральные Воды,Ставропольский край,Северо-Кавказский,76715,1878,1922,Султановский  (до 1898); Илларионовский  (до 1922)
588,,Минусинск,Красноярский край,Сибирский,71171,1739,1822,
589,,Миньяр,Челябинская область,Уральский,10195,1771,1943,
590,,Мирный,Якутия,Дальневосточный,37179,1955,1959,
591,,Мирный,Архангельская область,Северо-Западный,30259,1957,1967,"Ленинград-400 ,  Ленинград-300 ,  Мирный-12"
592,,Михайлов,Рязанская область,Центральный,11783,1137,1551,
593,,Михайловка,Волгоградская область,Южный,59153,1762,1948,
594,,Михайловск,Свердловская область,Уральский,9215,1805,1961,Михайловский  (до 1961)
595,,Михайловск,Ставропольский край,Северо-Кавказский,71018,1784,1999,Михайловское  (до 1963); Шпаковское  (до 1999)
596,,Мичуринск,Тамбовская область,Центральный,98758,1635,1635,Козлов  (до 1932)
597,,Могоча,Забайкальский край,Сибирский,13228,1910,1950,
598,,Можайск,Московская область,Центральный,31388,1231,1277,
599,,Можга,Удмуртия,Приволжский,47959,1835,1926,Сюгинский завод  (до 1924); Красный  (до 1929)
600,,Моздок,Северная Осетия — Алания,Северо-Кавказский,38748,1763,1785,
601,,Мончегорск,Мурманская область,Северо-Западный,45381,1937,1937,Монча-Губа
602,,Морозовск,Ростовская область,Южный,27644,1910,1941,Таубевская  (до 1917); Морозовская  (до 1938)
603,,Моршанск,Тамбовская область,Центральный,41550,1623,1779,Морша  (до 1779)
604,,Мосальск,Калужская область,Центральный,4285,1231,1776,
605,,Москва,Москва,Центральный,11514330,1147,1147,
606,,Муравленко,Ямало-Ненецкий АО,Уральский,33401,1984,1990,
607,,Мураши,Кировская область,Приволжский,6752,1895,1944,
608,,Мурино,Ленинградская область,Северо-Западный,19775 [4],1676,2019,
609,,Мурманск,Мурманская область,Северо-Западный,307664,1916,1916,Романов-на-Мурмане  (до 1917)
610,,Муром,Владимирская область,Центральный,116078,862,862,
611,,Мценск,Орловская область,Центральный,43216,1146,1778,
612,,Мыски,Кемеровская область,Сибирский,43029,1826,1956,Томазак
613,,Мытищи,Московская область,Центральный,173341,1460,1925,
614,,Мышкин,Ярославская область,Центральный,5932,XV век,1991,Мышкино  (с 1943 до 1991)
615,,Набережные Челны,Татарстан,Приволжский,513242,1626,1930,Брежнев  (с 1982 до 1988)
616,,Навашино,Нижегородская область,Приволжский,16413,1891,1957,Мордовщиково  (до 1957)
617,,Наволоки,Ивановская область,Центральный,10207,1775,1938,
618,,Надым,Ямало-Ненецкий АО,Уральский,46550,1597,1972,
619,,Назарово,Красноярский край,Сибирский,52829,1700,1961,Назаровское
620,,Назрань,Ингушетия,Северо-Кавказский,93357,1781,1967,Коста-Хетагурово  (с 1944 до 1959)
621,,Называевск,Омская область,Сибирский,12119,1910,1956,Сибирский посад  (до 1917); Сибирское  (до 1933); Называевка  (до 1947); Новоназываевск  (до 1956)
622,,Нальчик,Кабардино-Балкария,Северо-Кавказский,240095,1724,1921,
623,,Нариманов,Астраханская область,Южный,11386,1963,1984,Нижневолжский  (до 1984)
624,,Наро-Фоминск,Московская область,Центральный,64640,1840,1926,
625,,Нарткала,Кабардино-Балкария,Северо-Кавказский,31679,1913,1955,Докшукино  (до 1967)
626,,Нарьян-Мар,Ненецкий АО,Северо-Западный,21296,1929,1935,Белощелье
627,,Находка,Приморский край,Дальневосточный,159695,1864,1950,
628,,Невель,Псковская область,Северо-Западный,16324,1562,1773,
629,,Невельск,Сахалинская область,Дальневосточный,11682,1946,1946,Понто-Кэси  (до 1905); Хонто  (до 1946)
630,,Невинномысск,Ставропольский край,Северо-Кавказский,118351,1825,1939,Невинномысская
631,,Невьянск,Свердловская область,Уральский,25147,1701,1919,Невьянский завод
632,,Нелидово,Тверская область,Центральный,22886,1900,1924,
633,,Неман,Калининградская область,Северо-Западный,11794,1277,1722,Рагнит  (до 1946)
634,,Нерехта,Костромская область,Центральный,22817,1214,1778,
635,,Нерчинск,Забайкальский край,Сибирский,14976,1653,1689,"Нелюцкий острог ,  Нерчинский острог"
636,,Нерюнгри,Якутия,Дальневосточный,61746,1975,1975,Нерюнгра
637,,Нестеров,Калининградская область,Северо-Западный,4584,1539,1722,Шталлупёнен  (до 1938); Эбенроде  (до 1946)
638,,Нефтегорск,Самарская область,Приволжский,18732,1960,1989,
639,,Нефтекамск,Башкортостан,Приволжский,121757,1957,1963,
640,,Нефтекумск,Ставропольский край,Северо-Кавказский,27700,1958,1968,
641,,Нефтеюганск,Ханты-Мансийский АО — Югра,Уральский,123276,1961,1967,
642,,Нея,Костромская область,Центральный,9827,1906,1958,
643,,Нижневартовск,Ханты-Мансийский АО — Югра,Уральский,251860,1909,1972,
644,,Нижнекамск,Татарстан,Приволжский,234108,1961,1966,
645,,Нижнеудинск,Иркутская область,Сибирский,37056,1648,1783,"Покровский городок ,  Удинский острожек"
646,,Нижние Серги,Свердловская область,Уральский,11217,1743,1943,
647,,Нижний Ломов,Пензенская область,Приволжский,22678,1636,1780,
648,,Нижний Новгород,Нижегородская область,Приволжский,1250615,1221,1221,Горький  (с 1932 до 1990)
649,,Нижний Тагил,Свердловская область,Уральский,361883,1722,1919,"Тагильский завод ,  Выйский завод"
650,,Нижняя Салда,Свердловская область,Уральский,17969,1760,1938,
651,,Нижняя Тура,Свердловская область,Уральский,21596,1754,1949,Нижне-Туринский завод ; Нижне-Туринск  (до 1927)
652,,Николаевск,Волгоградская область,Южный,15081,1747,1967,
653,,Николаевск-на-Амуре,Хабаровский край,Дальневосточный,22773,1850,1856,Николаевск  (до 1926)
654,,Никольск,Вологодская область,Северо-Западный,8515,XIV век,1780,Никольский погост  (до 1780)
655,,Никольск,Пензенская область,Приволжский,22471,1761,1954,Николо-Пестровка
656,,Никольское,Ленинградская область,Северо-Западный,19345,1710,1990,"Николаевское ,  Плитная Ломка"
657,,Новая Ладога,Ленинградская область,Северо-Западный,8890,1704,1704,
658,,Новая Ляля,Свердловская область,Уральский,12400,1903,1938,Ляля  (до 1903)
659,,Новоалександровск,Ставропольский край,Северо-Кавказский,26759,1804,1971,Новоалександровская  (до 1971)
660,,Новоалтайск,Алтайский край,Сибирский,73134,1736,1942,Чесноковка  (до 1962)
661,,Новоаннинский,Волгоградская область,Южный,17911,1872,1956,
662,,Нововоронеж,Воронежская область,Центральный,32635,1957,1987,Ново-Грэсовский
663,,Новодвинск,Архангельская область,Северо-Западный,40612,1936,1977,Ворошиловский  (до 1957); Первомайский  (до 1977)
664,,Новозыбков,Брянская область,Центральный,40552,1701,1809,Зыбкая  (до 1809)
665,,Новокубанск,Краснодарский край,Южный,34847,1867,1966,Хуторок  (до 1961) Новокубанский  (до 1966)
666,,Новокузнецк,Кемеровская область,Сибирский,547885,1618,1622,Кузнецкий острог  (до 1622); Кузнецк-Сибирский  (до 1931); Сталинск  (с 1932 до 1961)
667,,Новокуйбышевск,Самарская область,Приволжский,108449,1946,1952,Липяги
668,,Новомичуринск,Рязанская область,Центральный,19309,1968,1981,
669,,Новомосковск,Тульская область,Центральный,131227,1930,1930,Бобрики  (до 1933); Сталиногорск  (до 1961)
670,,Новопавловск,Ставропольский край,Северо-Кавказский,26556,1777,1981,Новопавловская  (до 1981)
671,,Новоржев,Псковская область,Северо-Западный,3695,1777,1777,"Ржева ,  Ржева Пустая ,  Аршо"
672,,Новороссийск,Краснодарский край,Южный,241788,1838,1866,
673,,Новосибирск,Новосибирская область,Сибирский,1498921,1893,1903,Александровский  (до 1895); Ново-Николаевский  (до 1903); Ново-Николаевск  (до 1926)
674,,Новосиль,Орловская область,Центральный,3799,1155,1777,
675,,Новосокольники,Псковская область,Северо-Западный,8119,1901,1925,
676,,Новотроицк,Оренбургская область,Приволжский,97914,1920,1945,Ново-Троицк
677,,Новоузенск,Саратовская область,Приволжский,17015,1760,1835,"Чертанла ,  Новый Узень"
678,,Новоульяновск,Ульяновская область,Приволжский,16032,1957,1967,Кременки
679,,Новоуральск,Свердловская область,Уральский,91813,1941,1954,Свердловск-44  (до 1994)
680,,Новохопёрск,Воронежская область,Центральный,6849,1710,1779,
681,,Новочебоксарск,Чувашия,Приволжский,124094,1960,1965,Спутник  (до 1965)
682,,Новочеркасск,Ростовская область,Южный,169039,1805,1805,
683,,Новошахтинск,Ростовская область,Южный,111087,1910,1939,
684,,Новый Оскол,Белгородская область,Центральный,19530,1637,1647,Царёв-Алексеев  (до 1655)
685,,Новый Уренгой,Ямало-Ненецкий АО,Уральский,104144,1975,1980,
686,,Ногинск,Московская область,Центральный,99762,1389,1781,Рогож  (до 1781); Богородск  (до 1930)
687,,Нолинск,Кировская область,Приволжский,9556,1668,1780,Молотовск  (с 1940 по 1957)
688,,Норильск,Красноярский край,Сибирский,175301,1935,1953,
689,,Ноябрьск,Ямало-Ненецкий АО,Уральский,110572,1976,1982,Ноябрьский  (до 1979)
690,,Нурлат,Татарстан,Приволжский,32600,1905,1961,Нурлат-Октябрьский
691,,Нытва,Пермский край,Приволжский,19041,1756,1942,
692,,Нюрба,Якутия,Дальневосточный,10156,1824,1997,
693,,Нягань,Ханты-Мансийский АО — Югра,Уральский,54903,1965,1985,Нях  (до 1985)
694,,Нязепетровск,Челябинская область,Уральский,12452,1747,1944,"Нязе-Петровский завод ,  Нязе-Петровск"
695,,Няндома,Архангельская область,Северо-Западный,22354,1898,1939,
696,,Облучье,Еврейская АО,Дальневосточный,9379,1911,1915,Сололи  (до 1915)
697,,Обнинск,Калужская область,Центральный,104798,1946,1956,
698,,Обоянь,Курская область,Центральный,13562,1639,1779,
699,,Обь,Новосибирская область,Сибирский,26137,1934,1969,
700,,Одинцово,Московская область,Центральный,139021,1470,1957,
701,,Озёрск,Калининградская область,Северо-Западный,4740,1539,1726,Даркемен  (до 1938); Ангерапп  (до 1946)
702,,Озёрск,Челябинская область,Уральский,82268,1945,1954,База-10  (до 1954); Челябинск-40  (до 1966); Челябинск-65  (до 1994)
703,,Озёры,Московская область,Центральный,25788,1834,1925,Озерки
704,,Октябрьск,Самарская область,Приволжский,27244,1684,1956,Батраки
705,,Октябрьский,Башкортостан,Приволжский,109379,1937,1946,Соцгород  (до 1946)
706,,Окуловка,Новгородская область,Северо-Западный,12464,1851,1965,
707,,Олёкминск,Якутия,Дальневосточный,9487,1635,1783,
708,,Оленегорск,Мурманская область,Северо-Западный,23079,1949,1957,Оленья  (до 1957)
709,,Олонец,Карелия,Северо-Западный,9060,1137,1649,
710,,Омск,Омская область,Сибирский,1154000,1716,1782,"Омский острог ,  Омская крепость"
711,,Омутнинск,Кировская область,Приволжский,23618,1773,1921,"Осокино ,  Омутная"
712,,Онега,Архангельская область,Северо-Западный,21359,1137,1780,Устье Онежское  (до 1780); Онег  (до 1784)
713,,Опочка,Псковская область,Северо-Западный,11601,1414,1412,
714,,Орёл,Орловская область,Центральный,317854,1566,1566,
715,,Оренбург,Оренбургская область,Приволжский,570329,1743,1743,Чкалов  (с 1938 по 1957)
716,,Орехово-Зуево,Московская область,Центральный,120620,1917,1917,
717,,Орлов,Кировская область,Приволжский,6959,1459,1780,Халтурин  (с 1923 по 1992)
718,,Орск,Оренбургская область,Приволжский,238006,1735,1865,Оренбург  ( с 1735 до 1741)
719,,Оса,Пермский край,Приволжский,22420,1591,1737,
720,,Осинники,Кемеровская область,Сибирский,45997,1926,1938,Осиновка
721,,Осташков,Тверская область,Центральный,18073,XIV век,1770,Кличен
722,,Остров,Псковская область,Северо-Западный,21670,1341,1341,
723,,Островной,Мурманская область,Северо-Западный,2177,1611,1981,Йоканьгский погост  (до 1920); Йоканьга  (до 1938); Гремиха  (до 1981); Мурманск-140  (до 1992)
724,,Острогожск,Воронежская область,Центральный,33842,1652,1765,
725,,Отрадное,Ленинградская область,Северо-Западный,23874,1708,1970,"Ивановское ,  Медное ,  Пелла"
726,,Отрадный,Самарская область,Приволжский,47709,1920-е,1956,
727,,Оха,Сахалинская область,Дальневосточный,23007,1908,1938,Охэ
728,,Оханск,Пермский край,Приволжский,7597,1547,1781,
729,,Очёр,Пермский край,Приволжский,15003,1759,1950,
730,,Павлово,Нижегородская область,Приволжский,60699,1566,1922,Павлов Острог
731,,Павловск,Воронежская область,Центральный,25126,1709,1779,Осеред  (до 1711)
732,,Павловский Посад,Московская область,Центральный,63771,1328,1844,Павлово  (до 1844)
733,,Палласовка,Волгоградская область,Южный,15984,1907,1967,
734,,Партизанск,Приморский край,Дальневосточный,38648,1896,1932,Сучанский Рудник  (до 1932); Сучан  (до 1972)
735,,Певек,Чукотский АО,Дальневосточный,4161,1933,1967,
736,,Пенза,Пензенская область,Приволжский,519592,1663,1663,
737,,Первомайск,Нижегородская область,Приволжский,14567,XIX век,1951,Ташино  (1951)
738,,Первоуральск,Свердловская область,Уральский,149800,1732,1933,Васильевско-Шайтанский  (до 1920)
739,,Перевоз,Нижегородская область,Приволжский,9201,1593,2001,
740,,Пересвет,Московская область,Центральный,14142,1948,2000,Новостройка  (до 2000)
741,,Переславль-Залесский,Ярославская область,Центральный,41923,1152,1152,Переяславль
742,,Пермь,Пермский край,Приволжский,1000679,1723,1781,Егошихинский починок  (до 1723); Егошихинский медеплавильный завод  (до 1781); Молотов  (с 1940 до 1957)
743,,Пестово,Новгородская область,Северо-Западный,15911,1918,1965,
744,,Петров Вал,Волгоградская область,Южный,13264,1942,1988,
745,,Петровск,Саратовская область,Приволжский,31158,1698,1780,
746,,Петровск-Забайкальский,Забайкальский край,Сибирский,18555,1789,1926,Петровский Завод  (до 1926)
747,,Петрозаводск,Карелия,Северо-Западный,263540,1703,1777,Шуйский Завод  (с 1703 до 1704); Петровская слобода  (с 1704 до 1744)
748,,Петропавловск-Камчатский,Камчатский край,Дальневосточный,179526,1740,1812,Петропавловская гавань  (до 1849); Петропавловский Порт  (до 1924)
749,,Петухово,Курганская область,Уральский,11291,1779,1944,Юдино  (до 1944)
750,,Петушки,Владимирская область,Центральный,15167,1861,1965,Новые Петушки
751,,Печора,Коми,Северо-Западный,43458,1940,1949,
752,,Печоры,Псковская область,Северо-Западный,12308,1473,1782,Печеры  (до 1920); Петсери  (с 1920 до 1940)
753,,Пикалёво,Ленинградская область,Северо-Западный,21567,1620,1954,
754,,Пионерский,Калининградская область,Северо-Западный,11017,1254,1952,Нойкурен  (до 1946)
755,,Питкяранта,Карелия,Северо-Западный,11484,XIX век,1940,"Деревня на Долгом берегу ,  Питкерандо"
756,,Плавск,Тульская область,Центральный,16248,1563,1949,Сергиевское  (до 1926)
757,,Пласт,Челябинская область,Уральский,17344,1845,1940,
758,,Плёс,Ивановская область,Центральный,2341,1410,1925,
759,,Поворино,Воронежская область,Центральный,17692,1870,1954,
760,,Подольск,Московская область,Центральный,187956,1559,1781,
761,,Подпорожье,Ленинградская область,Северо-Западный,18729,1936,1956,
762,,Покачи,Ханты-Мансийский АО — Югра,Уральский,17053,1984,1992,
763,,Покров,Владимирская область,Центральный,17762,1506,1778,
764,,Покровск,Якутия,Дальневосточный,9495,1682,1997,
765,,Полевской,Свердловская область,Уральский,64316,1718,1942,Полевской завод
766,,Полесск,Калининградская область,Северо-Западный,7580,1258,1642,Лабиау  (до 1946)
767,,Полысаево,Кемеровская область,Сибирский,27624,1952,1989,
768,,Полярные Зори,Мурманская область,Северо-Западный,15106,1968,1991,
769,,Полярный,Мурманская область,Северо-Западный,17304,1896,1939,Александровск  (до 1931); Полярное  (до 1939)
770,,Поронайск,Сахалинская область,Дальневосточный,16461,1869,1946,Тихменевский  (до 1905); Сисука  (до 1946)
771,,Порхов,Псковская область,Северо-Западный,10608,1239,1239,
772,,Похвистнево,Самарская область,Приволжский,28181,1888,1947,
773,,Почеп,Брянская область,Центральный,17933,1447,1925,
774,,Починок,Смоленская область,Центральный,8776,1868,1926,
775,,Пошехонье,Ярославская область,Центральный,6085,1680,1777,Пертома  (до 1777); Пошехонье  (до 1918); Пошехонье-Володарск  (до 1992)
776,,Правдинск,Калининградская область,Северо-Западный,4323,1312,1335,Фридланд  (до 1946)
777,,Приволжск,Ивановская область,Центральный,16749,1484,1938,Яковлевское  (до 1924); Яковлевский  (до 1938)
778,,Приморск,Калининградская область,Северо-Западный,1956,1268,2008,Фишхаузен  (до 1946)
779,,Приморск,Ленинградская область,Северо-Западный,6122,1268,1940,Берёзовское  (до 1323); Бьёрке  (до 1709); Берёзовое  (до 1920); Койвисто  (до 1948)
780,,Приморско-Ахтарск,Краснодарский край,Южный,32253,1854,1949,"Ахтарский ,  Приморско-Ахтарская"
781,,Приозерск,Ленинградская область,Северо-Западный,18929,XII век,1310,"Корела  (до 1580, с 1595 до 1611); Кексгольм  (с 1580 до 1595, с 1611 до 1918, с 1940 до 1948); Кякисалми  (с 1918 до 1940)"
782,,Прокопьевск,Кемеровская область,Сибирский,210150,1650,1931,Монастырское
783,,Пролетарск,Ростовская область,Южный,20267,XVII век,1970,Великокняжеская  (до 1925); Пролетарская  (до 1970)
784,,Протвино,Московская область,Центральный,37308,1960,1989,Серпухов-7
785,,Прохладный,Кабардино-Балкария,Северо-Кавказский,59595,1765,1937,Прохладная  (до 1937)
786,,Псков,Псковская область,Северо-Западный,203974,903,903,Плесков
787,,Пугачёв,Саратовская область,Приволжский,41705,1764,1835,Николаевск  (до 1918)
788,,Пудож,Карелия,Северо-Западный,9698,1382,1785,
789,,Пустошка,Псковская область,Северо-Западный,4619,1901,1925,
790,,Пучеж,Ивановская область,Центральный,8583,1594,1793,
791,,Пушкино,Московская область,Центральный,102840,1499,1925,
792,,Пущино,Московская область,Центральный,20263,1956,1966,
793,,Пыталово,Псковская область,Северо-Западный,5826,1782,1933,Яунлатгале  (с 1925 до 1938); Абрене  (до 1945)
794,,Пыть-Ях,Ханты-Мансийский АО — Югра,Уральский,41453,1968,1990,
795,,Пятигорск,Ставропольский край,Северо-Кавказский,142397,1780,1830,"Горячие Воды ,  Константиногорск"
796,,Радужный,Владимирская область,Центральный,18212,1971,1991,Владимир-30
797,,Радужный,Ханты-Мансийский АО — Югра,Уральский,43394,1973,1985,
798,,Райчихинск,Амурская область,Дальневосточный,20499,1932,1944,Райчиха
799,,Раменское,Московская область,Центральный,96355,1328,1926,Раменье
800,,Рассказово,Тамбовская область,Центральный,45484,1698,1926,
801,,Ревда,Свердловская область,Уральский,61713,1734,1935,
802,,Реж,Свердловская область,Уральский,38709,1773,1943,
803,,Реутов,Московская область,Центральный,87195,1492,1940,Реутово  (до 1940)
804,,Ржев,Тверская область,Центральный,62026,1216,1216,"Ржева Володимирова ,  Ржевка ,  Ржов"
805,,Родники,Ивановская область,Центральный,26318,1606,1918,
806,,Рославль,Смоленская область,Центральный,54898,1137,1755,Ростиславль
807,,Россошь,Воронежская область,Центральный,62865,XVII век,1923,
808,,Ростов-на-Дону,Ростовская область,Южный,1091544,1749,1807,"Темерницкая таможня ,  Темерницкое городище"
809,,Ростов,Ярославская область,Центральный,31791,862,862,
810,,Рошаль,Московская область,Центральный,21265,1916,1940,Крестов Брод  (до 1917)
811,,Ртищево,Саратовская область,Приволжский,41295,1666,1925,Покровское  (до 1723)
812,,Рубцовск,Алтайский край,Сибирский,146386,1892,1927,Рубцово  (до 1922)
813,,Рудня,Смоленская область,Центральный,10029,1363,1926,
814,,Руза,Московская область,Центральный,13495,1328,1781,
815,,Рузаевка,Мордовия,Приволжский,47529,1631,1973,
816,,Рыбинск,Ярославская область,Центральный,200771,1071,1777,Усть-Шексна  (до 1504); Рыбная слобода  (до 1777); Щербаков  (с 1946 до 1957); Андропов  (с 1984 до 1989)
817,,Рыбное,Рязанская область,Центральный,18378,1597,1961,
818,,Рыльск,Курская область,Центральный,15667,1152,XII век,
819,,Ряжск,Рязанская область,Центральный,21676,1502,1778,Рясское Поле
820,,Рязань,Рязанская область,Центральный,525062,1095,1095,Переяславль-Рязанский  (до 1778)
821,,Саки Оспаривается,Крым,Южный,25146,1952,1952,Сак
822,,Салават,Башкортостан,Приволжский,156085,1948,1954,Новострой
823,,Салаир,Кемеровская область,Сибирский,8263,1626,1941,
824,,Салехард,Ямало-Ненецкий АО,Уральский,42494,1595,1938,Обдорск  (до 1933)
825,,Сальск,Ростовская область,Южный,61312,1812,1926,Торговая  (до 1918); Торговый  (до 1926)
826,,Самара,Самарская область,Приволжский,1164900,1586,1688,Куйбышев  (с 1935 по 1991)
827,,Санкт-Петербург,Санкт-Петербург,Северо-Западный,4848742,1703,1703,Петроград  (с 1914 до 1924); Ленинград  (до 1991)
828,,Саранск,Мордовия,Приволжский,318841,1641,1780,Саранский Острожек
829,,Сарапул,Удмуртия,Приволжский,101390,1621,1780,Вознесенское  (до 1707)
830,,Саратов,Саратовская область,Приволжский,836900,1590,1590,
831,,Саров,Нижегородская область,Приволжский,92073,1691,1954,Арзамас-75  (до 1966); Арзамас-16  (до 1994); Кремлёвск  (до 1995)
832,,Сасово,Рязанская область,Центральный,28117,1642,1926,
833,,Сатка,Челябинская область,Уральский,45465,1758,1758,
834,,Сафоново,Смоленская область,Центральный,46116,1859,1952,
835,,Саяногорск,Хакасия,Сибирский,49889,1830,1975,Означенное  (до 1975)
836,,Саянск,Иркутская область,Сибирский,40786,1970,1985,
837,,Светлогорск,Калининградская область,Северо-Западный,10775,1258,1947,Раушен  (до 1947)
838,,Светлоград,Ставропольский край,Северо-Кавказский,38520,1786,1965,Петровское  (до 1965)
839,,Светлый,Калининградская область,Северо-Западный,21380,1640,1955,Циммербуде  (до 1947)
840,,Светогорск,Ленинградская область,Северо-Западный,15973,1887,1949,Энсо  (до 1949)
841,,Свирск,Иркутская область,Сибирский,13649,XIX век,1949,"Заимка Черниговская ,  Свирская ,  Свирское"
842,,Свободный,Амурская область,Дальневосточный,58594,1912,1912,Алексеевск  (до 1917)
843,,Себеж,Псковская область,Северо-Западный,6375,1414,1772,
844,,Севастополь Оспаривается,Севастополь,Южный,393304,1783,1783,"Акъяр  (до 1783); Ахтиар  ( с 1783 до 1784, с 1797 до 1826)"
845,,Северо-Курильск,Сахалинская область,Дальневосточный,2381,1875,1946,Касивабара  (до 1946)
846,,Северобайкальск,Бурятия,Сибирский,23673,1974,1980,
847,,Северодвинск,Архангельская область,Северо-Западный,192265,1936,1938,Судострой  (до 1938); Молотовск  (до 1957)
848,,Североморск,Мурманская область,Северо-Западный,50076,1896,1951,Ваенга  (до 1951)
849,,Североуральск,Свердловская область,Уральский,29279,1758,1944,Петропавловский  (до 1944)
850,,Северск,Томская область,Сибирский,108466,1949,1954,"Почтовый ящик N° 5 ,  Берёзки ,  Томск-7"
851,,Севск,Брянская область,Центральный,7282,1146,1146,
852,,Сегежа,Карелия,Северо-Западный,29660,1914,1943,
853,,Сельцо,Брянская область,Центральный,17933,1870-е,1990,
854,,Семёнов,Нижегородская область,Приволжский,24472,1644,1779,
855,,Семикаракорск,Ростовская область,Южный,23884,1672,1972,"Семикаракорская ,  Семикаракоры"
856,,Семилуки,Воронежская область,Центральный,26025,1615,1954,
857,,Сенгилей,Ульяновская область,Приволжский,6959,1666,1943,Покровское  (до 1780)
858,,Серафимович,Волгоградская область,Южный,9368,1589,1933,Усть-Медведицкая  (до 1933)
859,,Сергач,Нижегородская область,Приволжский,21387,1649,1779,
860,,Сергиев Посад,Московская область,Центральный,110878,1337,1919,Сергиев  (до 1930); Загорск  (до 1991)
861,,Сердобск,Пензенская область,Приволжский,35393,1698,1780,
862,,Серов,Свердловская область,Уральский,99381,1893,1919,"Надеждинск  (до 1943, с 1937 до 1939); Кабаковск  (с 1934 до 1937)"
863,,Серпухов,Московская область,Центральный,126496,1339,1374,
864,,Сертолово,Ленинградская область,Северо-Западный,47854,1936,1988,"Сиротала ,  Сертолла ,  Серталово ,  Серполово"
865,,Сибай,Башкортостан,Приволжский,62732,1925,1955,Сибаевский рудник
866,,Сим,Челябинская область,Уральский,14465,1759,1942,Симский завод  (до 1928)
867,,Симферополь Оспаривается,Крым,Южный,332317,1784,1784,
868,,Сковородино,Амурская область,Дальневосточный,9561,1908,1927,Змеиный  (до 1909); Невер-1  (до 1911); Рухлово  (до 1938)
869,,Скопин,Рязанская область,Центральный,30374,1676,1778,
870,,Славгород,Алтайский край,Сибирский,30370,1910,1914,
871,,Славск,Калининградская область,Северо-Западный,4614,1292,1946,Хайнрихсвальде  (до 1947)
872,,Славянск-на-Кубани,Краснодарский край,Южный,63768,1865,1958,"Ло-Копа ,  Ени-Копыл ,  Славянская"
873,,Сланцы,Ленинградская область,Северо-Западный,33587,1934,1949,
874,,Слободской,Кировская область,Приволжский,33983,1505,1780,
875,,Слюдянка,Иркутская область,Сибирский,18542,1899,1936,
876,,Смоленск,Смоленская область,Центральный,326863,863,863,
877,,Снежинск,Челябинская область,Уральский,48896,1955,1957,Жилой посёлок № 2  (до 1957); Касли-2  (до 1959); Челябинск-50  (до 1966); Челябинск-70  (до 1993)
878,,Снежногорск,Мурманская область,Северо-Западный,12698,1970,1980,Вьюжный  (до 1980); Мурманск-60  (до 1994)
879,,Собинка,Владимирская область,Центральный,19482,1858,1939,
880,,Советск,Калининградская область,Северо-Западный,41709,1288,1552,Тильзит  (до 1946)
881,,Советск,Кировская область,Приволжский,16592,XII век,1937,Кукарка  (до 1918)
882,,Советск,Тульская область,Центральный,7537,1949,1954,Никольское
883,,Советская Гавань,Хабаровский край,Дальневосточный,27712,1853,1941,Константиновский пост  (до 1856); Императорская Гавань  (до 1923); Знаменское  (до 1930)
884,,Советский,Ханты-Мансийский АО — Югра,Уральский,26434,1963,1996,
885,,Сокол,Вологодская область,Северо-Западный,38454,1615,1932,Соколово
886,,Солигалич,Костромская область,Центральный,6438,1335,1778,Соль Галичьская
887,,Соликамск,Пермский край,Приволжский,97239,1430,1573,"Соль Камская ,  Усолье Камское"
888,,Солнечногорск,Московская область,Центральный,52996,XVIII век,1938,Солнечная Гора  (до 1928); Солнечногорский  (до 1938)
889,,Соль-Илецк,Оренбургская область,Приволжский,26308,1754,1865,Илецк  (до 1926); Илецкое  (до 1935); Илецкая Защита  (до 1945)
890,,Сольвычегодск,Архангельская область,Северо-Западный,2460,1492,1708,"Усолье ,  Усольск ,  Соль-Вычегодская"
891,,Сольцы,Новгородская область,Северо-Западный,10317,1390,1914,
892,,Сорочинск,Оренбургская область,Приволжский,30136,1737,1945,
893,,Сорск,Хакасия,Сибирский,12140,1940,1966,Сора  (до 1966)
894,,Сортавала,Карелия,Северо-Западный,19215,1468,1783,Сердоболь  (до 1918)
895,,Сосенский,Калужская область,Центральный,12394,1952,1991,"Ленинский ,  Шепелевский"
896,,Сосновка,Кировская область,Приволжский,11960,1699,1962,
897,,Сосновоборск,Красноярский край,Сибирский,33090,1971,1985,
898,,Сосновый Бор,Ленинградская область,Северо-Западный,65901,1958,1973,
899,,Сосногорск,Коми,Северо-Западный,27809,1939,1955,Ижма  (до 1957)
900,,Сочи,Краснодарский край,Южный,343285,1838,1917,
901,,Спас-Деменск,Калужская область,Центральный,4904,1446,1917,
902,,Спас-Клепики,Рязанская область,Центральный,5917,XVI век,1920,"Клепиково ,  Спасское"
903,,Спасск,Пензенская область,Приволжский,7442,XVII век,1779,Богданово  (до 1673); Богданово-Спасское  (с 1673 по 1779); Беднодемьяновск  (с 1925 по 2005)
904,,Спасск-Дальний,Приморский край,Дальневосточный,44166,1886,1917,Спасское  (до 1917); Спасск-Приморский  (до 1929)
905,,Спасск-Рязанский,Рязанская область,Центральный,7745,1629,1778,Спасск  (до 1929)
906,,Среднеколымск,Якутия,Дальневосточный,3525,1643,1775,"Ярмонга ,  Ярманка"
907,,Среднеуральск,Свердловская область,Уральский,20357,1931,1966,Посёлок СУГРЭС
908,,Сретенск,Забайкальский край,Сибирский,6850,1689,1926,
909,,Ставрополь,Ставропольский край,Северо-Кавказский,398266,1777,1785,Ставрополь-Кавказский  (до 1935); Ворошиловск  (до 1943)
910,,Старая Купавна,Московская область,Центральный,21859,XIV век,2004,
911,,Старая Русса,Новгородская область,Северо-Западный,32235,1167,1167,Руса
912,,Старица,Тверская область,Центральный,8610,1297,1297,"Городок ,  Городеск"
913,,Стародуб,Брянская область,Центральный,19010,1080,1080,
914,,Старый Крым Оспаривается,Крым,Южный,9277,XIII век,,"Кырым ,  Солхат ,  Левкополь"
915,,Старый Оскол,Белгородская область,Центральный,221163,1593,1593,Оскол  (до 1655)
916,,Стерлитамак,Башкортостан,Приволжский,273432,1766,1782,
917,,Стрежевой,Томская область,Сибирский,42216,1966,1978,
918,,Строитель,Белгородская область,Центральный,23933,1958,2000,
919,,Струнино,Владимирская область,Центральный,14372,1492,1938,
920,,Ступино,Московская область,Центральный,66942,1938,1938,Электровоз  (до 1938)
921,,Суворов,Тульская область,Центральный,18975,1949,1954,Суворовский  (до 1954)
922,,Судак Оспаривается,Крым,Южный,16492,212,,"Солдая ,  Сугдея ,  Сидагиос ,  Сурож"
923,,Суджа,Курская область,Центральный,6036,XVI век,1664,
924,,Судогда,Владимирская область,Центральный,11848,1552,1778,
925,,Суздаль,Владимирская область,Центральный,10535,999,999,
926,,Сунжа,Ингушетия,Северо-Кавказский,64493 [3],1845,2016,Сунженская  (до 1852); Слепцовская  (до 1939); Орджоникидзевская  (до 2016)
927,,Суоярви,Карелия,Северо-Западный,9763,XVI век,1940,Шуезерск
928,,Сураж,Брянская область,Центральный,11640,1700 XVII век,1781,Суражичи  (до 1781)
929,,Сургут,Ханты-Мансийский АО — Югра,Уральский,306703,1594,1965,
930,,Суровикино,Волгоградская область,Южный,20527,1744,1966,
931,,Сурск,Пензенская область,Приволжский,7032,1849,1953,Никольский Хутор  (до 1953)
932,,Сусуман,Магаданская область,Дальневосточный,5865,1938,1964,
933,,Сухиничи,Калужская область,Центральный,16295,XVIII век,1840,
934,,Сухой Лог,Свердловская область,Уральский,34836,1710,1943,
935,,Сызрань,Самарская область,Приволжский,178773,1683,1796,
936,,Сыктывкар,Коми,Северо-Западный,235006,1780,1780,Усть-Сысольск  (до 1930)
937,,Сысерть,Свердловская область,Уральский,20594,1732,1946,
938,,Сычёвка,Смоленская область,Центральный,8111,1488,1776,
939,,Сясьстрой,Ленинградская область,Северо-Западный,13747,1926,1922,Сясьские Рядки
940,,Тавда,Свердловская область,Уральский,35421,1910,1937,"Посёлок суконной фабрики Ушкова ,  Каратуновка"
941,,Таганрог,Ростовская область,Южный,257692,1698,1775,
942,,Тайга,Кемеровская область,Сибирский,25330,1896,1911,
943,,Тайшет,Иркутская область,Сибирский,35481,1897,1938,
944,,Талдом,Московская область,Центральный,13819,1677,1918,Ленинск  (с 1918 до 1931)
945,,Талица,Свердловская область,Уральский,18339,1732,1942,
946,,Тамбов,Тамбовская область,Центральный,280457,1636,1719,Танбов
947,,Тара,Омская область,Сибирский,26664,1594,1594,
948,,Тарко-Сале,Ямало-Ненецкий АО,Уральский,20372,1932,2004,
949,,Таруса,Калужская область,Центральный,9656,1246,1776,
950,,Татарск,Новосибирская область,Сибирский,26114,1894,1911,
951,,Таштагол,Кемеровская область,Сибирский,23114,1939,1963,
952,,Тверь,Тверская область,Центральный,403726,1135,1139,Калинин  (с 1932 до 1990)
953,,Теберда,Карачаево-Черкесия,Северо-Кавказский,9097,1868,1971,
954,,Тейково,Ивановская область,Центральный,34993,XVII век,1918,
955,,Темников,Мордовия,Приволжский,7247,XII век,1536,
956,,Темрюк,Краснодарский край,Южный,38014,1860,1860,
957,,Терек,Кабардино-Балкария,Северо-Кавказский,19170,1876,1967,Муртазово  (до 1920)
958,,Тетюши,Татарстан,Приволжский,11596,1578,1781,
959,,Тимашёвск,Краснодарский край,Южный,53921,1794,1966,
960,,Тихвин,Ленинградская область,Северо-Западный,58843,1383,1773,
961,,Тихорецк,Краснодарский край,Южный,61825,1895,1926,Тихорецкий
962,,Тобольск,Тюменская область,Уральский,99698,1587,1590,"Тоболеск-Ладейный ,  Тоболеск"
963,,Тогучин,Новосибирская область,Сибирский,21531,1867,1945,
964,,Тольятти,Самарская область,Приволжский,719484,1737,1780,Ставрополь  (до 1964)
965,,Томари,Сахалинская область,Дальневосточный,4537,1870,1946,Томариору  (до 1946)
966,,Томмот,Якутия,Дальневосточный,8054,1923,1923,
967,,Томск,Томская область,Сибирский,522940,1604,1604,
968,,Топки,Кемеровская область,Сибирский,28642,1914,1933,
969,,Торжок,Тверская область,Центральный,47702,IX - X века,1135,Новый Торг
970,,Торопец,Тверская область,Центральный,13018,1074,1074,
971,,Тосно,Ленинградская область,Северо-Западный,39127,1500,1963,"Тосна ,  Ям-Тосна"
972,,Тотьма,Вологодская область,Северо-Западный,9784,1137,1780,"Соль Тотемская ,  Усолье Тотемское"
973,,Трёхгорный,Челябинская область,Уральский,33678,1952,1955,"Златоуст-20 ,  Златоуст-36"
974,,Троицк,Челябинская область,Уральский,78637,1743,1784,
975,,Трубчевск,Брянская область,Центральный,15014,975,975,"Трубеч ,  Трубецк"
976,,Туапсе,Краснодарский край,Южный,63233,1838,1916,"Вельяминовская ,  Вельяминовка"
977,,Туймазы,Башкортостан,Приволжский,66849,1912,1960,Туймаза
978,,Тула,Тульская область,Центральный,501129,1146,1146,
979,,Тулун,Иркутская область,Сибирский,44603,1735,1927,
980,,Туран,Тыва,Сибирский,4988,1885,1945,
981,,Туринск,Свердловская область,Уральский,17990,1600,1600,Епанчин
982,,Тутаев,Ярославская область,Центральный,41001,XIII век,1822,Романов-Борисоглебск  (до 1918)
983,,Тында,Амурская область,Дальневосточный,35574,1907,1975,Тындинское  (до 1937); Тындинский  (до 1974)
984,,Тырныауз,Кабардино-Балкария,Северо-Кавказский,21000,1934,1955,Гирхожан  (до 1937); Нижний Баксан  (до 1955)
985,,Тюкалинск,Омская область,Сибирский,12050,1759,1823,Тюкала
986,,Тюмень,Тюменская область,Уральский,581758,1586,1586,Чинги-Тура
987,,Уварово,Тамбовская область,Центральный,26829,1699,1966,
988,,Углегорск,Сахалинская область,Дальневосточный,11880,XX век,1946,Эсутору  (до 1946)
989,,Углич,Ярославская область,Центральный,34505,1148,1148,
990,,Удачный,Якутия,Дальневосточный,12611,1967,1987,
991,,Удомля,Тверская область,Центральный,31048,1478,1981,
992,,Ужур,Красноярский край,Сибирский,16079,1760,1953,Усул
993,,Узловая,Тульская область,Центральный,55282,1873,1938,Хрущёвская  (до 1877)
994,,Улан-Удэ,Бурятия,Сибирский,431922,1666,1690,Удинское зимовье  (до 1680); Удинский острог  (до 1690); Удинск  (до 1735); Верхнеудинск  (до 1934)
995,,Ульяновск,Ульяновская область,Приволжский,613793,1648,1648,Синбирск  (до 1780); Симбирск  (до 1924)
996,,Унеча,Брянская область,Центральный,26196,1887,1940,
997,,Урай,Ханты-Мансийский АО — Югра,Уральский,39435,1922,1965,
998,,Урень,Нижегородская область,Приволжский,12311,1719,1973,Трёхсвятское
999,,Уржум,Кировская область,Приволжский,10213,1584,1796,
1000,,Урус-Мартан,Чечня,Северо-Кавказский,49071,XVIII век,1990,Красноармейское  (с 1944 до 1958)
1001,,Урюпинск,Волгоградская область,Южный,41594,1618,1929,Урюпинская  (до 1929)
1002,,Усинск,Коми,Северо-Западный,41100,1966,1984,
1003,,Усмань,Липецкая область,Центральный,18752,1645,1779,
1004,,Усолье-Сибирское,Иркутская область,Сибирский,83364,1669,1925,Усолье  (до 1940)
1005,,Усолье,Пермский край,Приволжский,5694,1606,1940,
1006,,Уссурийск,Приморский край,Дальневосточный,157946,1866,1898,Никольск  (до 1926); Никольск-Уссурийский  (до 1935); Ворошилов  (до 1957)
1007,,Усть-Джегута,Карачаево-Черкесия,Северо-Кавказский,30602,1868,1975,Усть-Джегутинская  (до 1975)
1008,,Усть-Илимск,Иркутская область,Сибирский,86591,1966,1973,Усть-Илим  (до 1973)
1009,,Усть-Катав,Челябинская область,Уральский,23586,1758,1942,Усть-Катавский завод
1010,,Усть-Кут,Иркутская область,Сибирский,45061,1631,1954,"Усть-Кутский острог ,  Усть-Кутское"
1011,,Усть-Лабинск,Краснодарский край,Южный,43268,1794,1958,Усть-Лабинская  (до 1958)
1012,,Устюжна,Вологодская область,Северо-Западный,9478,1252,1252,
1013,,Уфа,Башкортостан,Приволжский,1062300,1574,1586,
1014,,Ухта,Коми,Северо-Западный,99642,1929,1943,
1015,,Учалы,Башкортостан,Приволжский,37771,сер.  XVIII века,1963,
1016,,Уяр,Красноярский край,Сибирский,12666,1760,1944,Клюквенная
1017,,Фатеж,Курская область,Центральный,5404,XVI век,1779,
1018,,Феодосия Оспаривается,Крым,Южный,69038,VI век до н. э.,,"Кефе ,  Кафа"
1019,,Фокино,Брянская область,Центральный,13874,1899,1964,Цементный  (до 1964)
1020,,Фокино,Приморский край,Дальневосточный,23683,1891,1980,Тихоокеанский  (до 1980); Шкотово-17  (до 1994)
1021,,Фролово,Волгоградская область,Южный,39489,1859,1936,
1022,,Фрязино,Московская область,Центральный,55449,1584,1951,
1023,,Фурманов,Ивановская область,Центральный,36149,1918,1918,Середа-Упино  (до 1918); Середа  (до 1941)
1024,,Хабаровск,Хабаровский край,Дальневосточный,577668,1858,1880,Бури  (до 1858); Хабарово  (до 1880); Хабаровка  (до 1893)
1025,,Хадыженск,Краснодарский край,Южный,21580,1864,1949,
1026,,Ханты-Мансийск,Ханты-Мансийский АО — Югра,Уральский,79410,1582,1950,Остяко-Вогульск  (до 1940)
1027,,Харабали,Астраханская область,Южный,18209,1789,1974,
1028,,Харовск,Вологодская область,Северо-Западный,10078,1903,1954,
1029,,Хасавюрт,Дагестан,Северо-Кавказский,133929,1846,1931,Ярыксув  (до 1847)
1030,,Хвалынск,Саратовская область,Приволжский,13199,1556,1780,Сосновк а (до 1606); Сосновый остров  (до 1780)
1031,,Хилок,Забайкальский край,Сибирский,11530,1895,1951,
1032,,Химки,Московская область,Центральный,207125,1850,1939,
1033,,Холм,Новгородская область,Северо-Западный,3829,1144,1777,
1034,,Холмск,Сахалинская область,Дальневосточный,30936,1870,1922,Маука  (до 1905); Маока  (до 1946)
1035,,Хотьково,Московская область,Центральный,21612,1308,1949,
1036,,Цивильск,Чувашия,Приволжский,13478,1589,1781,
1037,,Цимлянск,Ростовская область,Южный,15029,1672,1961,Кумшацкая  (до 1950); Цимлянская  (до 1950); Цимлянский  (до 1961)
1038,,Циолковский,Амурская область,Дальневосточный,6208,1961,2015,Углегорск  (до 1969); Свободный-18  (до 1994); Углегорск  (до 2015)
1039,,Чадан,Тыва,Сибирский,9037,1873,1945,Артаадыт  (до 1929)
1040,,Чайковский,Пермский край,Приволжский,82933,1955,1962,
1041,,Чапаевск,Самарская область,Приволжский,72689,1909,1927,Иващенково  (до 1918); Троцк  (до 1929)
1042,,Чаплыгин,Липецкая область,Центральный,12656,1638,1778,Слободское  (до 1778); Раненбург  (до 1948)
1043,,Чебаркуль,Челябинская область,Уральский,43405,1736,1951,
1044,,Чебоксары,Чувашия,Приволжский,447929,1469,1469,
1045,,Чегем,Кабардино-Балкария,Северо-Кавказский,17988,1822,2000,Кундетово  (до 1920); Чегем I  (до 2000)
1046,,Чекалин,Тульская область,Центральный,994,1565,1565,Лихвин  (до 1944)
1047,,Челябинск,Челябинская область,Уральский,1130273,1736,1781,
1048,,Чердынь,Пермский край,Приволжский,4920,1451,1535,
1049,,Черемхово,Иркутская область,Сибирский,52650,1772,1917,Черемховское
1050,,Черепаново,Новосибирская область,Сибирский,19346,1912,1925,Свободный  (до 1921)
1051,,Череповец,Вологодская область,Северо-Западный,312311,1777,1777,
1052,,Черкесск,Карачаево-Черкесия,Северо-Кавказский,121439,1825,1931,Баталпашинская  (до 1931); Баталпашинск  (до 1934); Сулимов  (до 1937); Ежово-Черкесск  (до 1939)
1053,,Чёрмоз,Пермский край,Приволжский,4017,1701,1943,
1054,,Черноголовка,Московская область,Центральный,20986,1710,2001,
1055,,Черногорск,Хакасия,Сибирский,72117,1936,1936,Черногорские Копи  (до 1936)
1056,,Чернушка,Пермский край,Приволжский,33275,1854,1966,
1057,,Черняховск,Калининградская область,Северо-Западный,40464,1336,1583,Инстербург  (до 1946)
1058,,Чехов,Московская область,Центральный,60677,1175,1954,Лопасня  (до 1954)
1059,,Чистополь,Татарстан,Приволжский,60703,XVIII век,1781,Чистое Поле  (до 1781)
1060,,Чита,Забайкальский край,Сибирский,323964,1653,1851,"Плотбище ,  Плоты ,  Читинская слобода"
1061,,Чкаловск,Нижегородская область,Приволжский,12371,XII век,1955,Василёво  (до 1937)
1062,,Чудово,Новгородская область,Северо-Западный,16148,XVI век,1937,
1063,,Чулым,Новосибирская область,Сибирский,11964,1762,1947,Романовское  (до 1933)
1064,,Чусовой,Пермский край,Приволжский,46740,1878,1933,
1065,,Чухлома,Костромская область,Центральный,5209,1381,1778,
1066,,Шагонар,Тыва,Сибирский,10958,1888,1945,
1067,,Шадринск,Курганская область,Уральский,77744,1662,1712,Шадринская слобода  (до 1712); Малоархангельск  (до 1733)
1068,,Шали,Чечня,Северо-Кавказский,47715,1378  или  1384,1990,Междуречье  (с 1944 до 1958)
1069,,Шарыпово,Красноярский край,Сибирский,38570,XVIII век,1981,Черненко  (с 1985 до 1988)
1070,,Шарья,Костромская область,Центральный,23668,1906,1938,
1071,,Шатура,Московская область,Центральный,32836,1423,1936,
1072,,Шахты,Ростовская область,Южный,240152,1805,1867,Горное Грушевское поселение  (до 1881); Александровск-Грушевский  (до 1920)
1073,,Шахунья,Нижегородская область,Приволжский,21337,1912,1943,
1074,,Шацк,Рязанская область,Центральный,6562,1553,1553,
1075,,Шебекино,Белгородская область,Центральный,44277,1713,1938,
1076,,Шелехов,Иркутская область,Сибирский,47960,1953,1962,ИркАЗ  (до 1956)
1077,,Шенкурск,Архангельская область,Северо-Западный,5702,1137,1780,"Вага ,  Шенкурье"
1078,,Шилка,Забайкальский край,Сибирский,13947,1897,1951,
1079,,Шимановск,Амурская область,Дальневосточный,19815,1910,1950,Пёра  (до 1914); Гондатти  (до 1920); Владимиро-Шимановский  (до 1950)
1080,,Шиханы,Саратовская область,Приволжский,6067,1928,1996,
1081,,Шлиссельбург,Ленинградская область,Северо-Западный,13305,1323,1780,Орешек  (до 1611); Нотебург  (до 1702); Петрокрепость  (с 1944 до 1992)
1082,,Шумерля,Чувашия,Приволжский,33412,1916,1937,
1083,,Шумиха,Курганская область,Уральский,17821,1892,1944,
1084,,Шуя,Ивановская область,Центральный,58528,1394,1778,Борисоглебская слобода
1085,,Щёкино,Тульская область,Центральный,58154,1870,1938,
1086,,Щёлкино Оспаривается,Крым,Южный,10620,1978,1992,
1087,,Щёлково,Московская область,Центральный,110380,XVI век,1925,
1088,,Щигры,Курская область,Центральный,17043,XVIII век,1779,Троицкое  (до 1779)
1089,,Щучье,Курганская область,Уральский,10971,1750,1945,
1090,,Электрогорск,Московская область,Центральный,22120,1912,1946,Электропередача  (до 1946)
1091,,Электросталь,Московская область,Центральный,155324,1916,1938,Затишье  (до 1928)
1092,,Электроугли,Московская область,Центральный,20120,1899,1956,
1093,,Элиста,Калмыкия,Южный,103728,1865,1930,Степной  (с 1944 до 1957)
1094,,Энгельс,Саратовская область,Приволжский,202838,1747,1914,Покровская слобода  (до 1914); Покровск  (до 1931)
1095,,Эртиль,Воронежская область,Центральный,11387,1897,1963,Ертил
1096,,Югорск,Ханты-Мансийский АО — Югра,Уральский,34066,1962,1992,Комсомольский  (до 1992)
1097,,Южа,Ивановская область,Центральный,14170,1628,1925,
1098,,Южно-Сахалинск,Сахалинская область,Дальневосточный,181727,1882,1905,Владимировка  (до 1905); Тоёхара  (до 1947)
1099,,Южно-Сухокумск,Дагестан,Северо-Кавказский,10048,1958,1988,
1100,,Южноуральск,Челябинская область,Уральский,37890,1948,1963,
1101,,Юрга,Кемеровская область,Сибирский,81536,1886,1949,
1102,,Юрьев-Польский,Владимирская область,Центральный,19588,1152,1778,
1103,,Юрьевец,Ивановская область,Центральный,10205,1225,1778,
1104,,Юрюзань,Челябинская область,Уральский,12568,1758,1943,Юрюзанский завод  (до 1943)
1105,,Юхнов,Калужская область,Центральный,7056,1410,1777,
1106,,Ядрин,Чувашия,Приволжский,9614,1590,1781,
1107,,Якутск,Якутия,Дальневосточный,269486,1632,1643,"Ленский острог ,  Якутский острог"
1108,,Ялта Оспаривается,Крым,Южный,76746,1154,1838,Красноармейск  (с 1921 до 1922)
1109,,Ялуторовск,Тюменская область,Уральский,36494,1659,1782,
1110,,Янаул,Башкортостан,Приволжский,26988,1730-е,1991,
1111,,Яранск,Кировская область,Приволжский,17252,1584,1780,
1112,,Яровое,Алтайский край,Сибирский,18085,1943,1993,
1113,,Ярославль,Ярославская область,Центральный,591486,1010,1071,
1114,,Ярцево,Смоленская область,Центральный,47853,1610,1926,
1115,,Ясногорск,Тульская область,Центральный,16804,1578,1958,Лаптево  (до 1965)
1116,,Ясный,Оренбургская область,Приволжский,16082,1961,1979,
1117,,Яхрома,Московская область,Центральный,13248,1841,1940,"Суровцево ,  посёлок Покровской мануфактуры"
